latitude,longitude,start_timestamp,end_timestamp,duration
55.8043272,12.4903778,2022-01-01T12:43:48.740Z,2022-01-01T13:29:20.533Z,2731.793
55.782994,12.523918,2022-01-01T13:48:52.622Z,2022-01-01T16:44:05.728Z,10513.106
55.782994,12.523918,2022-01-01T17:33:32.065Z,2022-01-03T14:54:09.310Z,163237.245
55.782994,12.523918,2022-01-03T15:20:29.352Z,2022-01-03T17:15:01.983Z,6872.631
55.782994,12.523918,2022-01-03T17:43:30.642Z,2022-01-04T14:24:38Z,74467.358
55.782994,12.523918,2022-01-04T14:53:30.736Z,2022-01-05T15:58:55.006Z,90324.27
55.775741,12.521402,2022-01-05T16:09:06.894Z,2022-01-05T16:17:10.900Z,484.006
55.782994,12.523918,2022-01-05T16:27:16.051Z,2022-01-07T15:33:43.173Z,169587.122
55.7855742,12.521381,2022-01-07T15:39:11.365Z,2022-01-07T15:46:01Z,409.635
55.7187233,12.3563192,2022-01-07T16:25:46Z,2022-01-07T16:34:23.331Z,517.331
55.729561,12.349121,2022-01-07T16:43:02.822Z,2022-01-08T01:53:50Z,33047.178
55.7299225,12.3581373,2022-01-08T01:56:03.503Z,2022-01-08T02:21:09.001Z,1505.498
55.6831143,12.5721118,2022-01-08T02:53:51.049Z,2022-01-08T03:13:05.966Z,1154.917
55.782994,12.523918,2022-01-08T03:43:39.363Z,2022-01-08T13:28:39Z,35099.637
55.7993484,12.453431,2022-01-08T13:51:40.823Z,2022-01-08T19:15:57Z,19456.177
55.7230102,12.5445554,2022-01-08T19:51:24.400Z,2022-01-08T23:04:29.191Z,11584.791
55.782994,12.523918,2022-01-08T23:42:02.373Z,2022-01-10T12:04:11.568Z,130929.195
55.782994,12.523918,2022-01-10T12:30:49.805Z,2022-01-11T08:22:00.495Z,71470.69
55.7855742,12.521381,2022-01-11T08:26:02.558Z,2022-01-11T14:03:07.756Z,20225.198
55.782994,12.523918,2022-01-11T14:13:13.838Z,2022-01-11T21:50:55.192Z,27461.354
55.782994,12.523918,2022-01-11T22:11:32.220Z,2022-01-12T13:08:30.966Z,53818.746
55.782994,12.523918,2022-01-12T13:34:53.426Z,2022-01-12T18:40:17.967Z,18324.541
55.782994,12.523918,2022-01-12T19:00:30.884Z,2022-01-13T16:12:30.931Z,76320.047
55.782994,12.523918,2022-01-13T16:35:53.496Z,2022-01-14T18:34:46.461Z,93532.965
55.77567,12.5206401,2022-01-14T18:44:51.598Z,2022-01-14T18:50:58.658Z,367.06
55.782994,12.523918,2022-01-14T19:03:36.923Z,2022-01-14T23:25:00.925Z,15684.002
55.782994,12.523918,2022-01-14T23:55:02.926Z,2022-01-15T15:12:52.641Z,55069.715
55.799931,12.4530549,2022-01-15T15:51:38.731Z,2022-01-15T21:42:26Z,21047.269
55.782994,12.523918,2022-01-15T21:56:01.957Z,2022-01-16T12:28:34.878Z,52352.921
55.782994,12.523918,2022-01-16T12:57:25.565Z,2022-01-16T17:58:28Z,18062.435
55.782994,12.523918,2022-01-16T18:28:45.844Z,2022-01-17T13:03:47.080Z,66901.236
55.782994,12.523918,2022-01-17T13:24:03.238Z,2022-01-17T21:08:00.539Z,27837.301
55.782994,12.523918,2022-01-17T21:29:30.041Z,2022-01-18T15:16:21.955Z,64011.914
55.7855742,12.521381,2022-01-18T15:21:34.304Z,2022-01-18T16:12:42.971Z,3068.667
55.782994,12.523918,2022-01-18T16:12:42.971Z,2022-01-18T21:04:10.119Z,17487.148
55.782994,12.523918,2022-01-18T21:34:44.246Z,2022-01-19T13:59:42.191Z,59097.945
55.782994,12.523918,2022-01-19T14:22:00.732Z,2022-01-21T11:24:09.549Z,162128.817
55.771057,12.504943,2022-01-21T11:32:13.620Z,2022-01-21T11:56:46.500Z,1472.88
55.782994,12.523918,2022-01-21T12:09:15.262Z,2022-01-21T15:38:31.697Z,12556.435
55.7855742,12.521381,2022-01-21T15:43:39.044Z,2022-01-21T16:44:09.615Z,3630.571
54.6595273,11.3600574,2022-01-21T18:51:20.931Z,2022-01-21T18:55:20.063Z,239.132
51.7311382,9.9727384,2022-01-22T00:15:26.502Z,2022-01-22T00:43:07Z,1660.498
48.049888,7.810752,2022-01-22T06:12:47.535Z,2022-01-22T06:20:23.637Z,456.102
46.990473,7.4770161,2022-01-22T08:13:41Z,2022-01-22T08:23:55.448Z,614.448
46.8317401,6.8586939,2022-01-22T09:01:24.322Z,2022-01-22T09:59:11.755Z,3467.433
45.6238396,6.7795918,2022-01-22T13:25:56.303Z,2022-01-22T14:13:42.538Z,2866.235
45.6225476,6.7774091,2022-01-22T14:15:43.444Z,2022-01-22T14:55:15.523Z,2372.079
45.5775258,6.785824,2022-01-22T15:23:12.502Z,2022-01-22T15:38:10.340Z,897.838
45.5723413,6.7783139,2022-01-22T15:47:45.411Z,2022-01-22T16:30:41.163Z,2575.752
45.5775258,6.785824,2022-01-22T16:45:03.871Z,2022-01-22T17:45:20.754Z,3616.883
45.5741292,6.7789451,2022-01-22T17:55:33.975Z,2022-01-23T10:59:11.188Z,61417.213
45.5715484,6.7850275,2022-01-23T15:00:18.833Z,2022-01-23T15:23:13.682Z,1374.849
45.5741292,6.7789451,2022-01-23T19:08:59.086Z,2022-01-24T08:24:41.006Z,47741.92
45.57332,6.7782652,2022-01-24T09:23:18.851Z,2022-01-24T11:20:18.973Z,7020.122
45.5725676,6.7780143,2022-01-24T11:20:18.973Z,2022-01-24T11:32:25.163Z,726.19
45.5716411,6.7780509,2022-01-24T11:50:33.375Z,2022-01-24T11:56:36.470Z,363.095
45.5741292,6.7789451,2022-01-24T13:37:00.561Z,2022-01-24T15:46:46.713Z,7786.152
45.5715484,6.7850275,2022-01-24T15:52:57Z,2022-01-24T17:34:01.621Z,6064.621
45.5741292,6.7789451,2022-01-24T17:36:02Z,2022-01-25T08:05:48.337Z,52186.337
45.5541093,6.7622018,2022-01-25T08:39:43.269Z,2022-01-25T08:44:53.255Z,309.986
45.5505138,6.7865018,2022-01-25T08:52:18.262Z,2022-01-25T08:58:25.644Z,367.382
45.5725545,6.7802846,2022-01-25T09:18:03.335Z,2022-01-25T09:50:56.988Z,1973.653
45.5715484,6.7850275,2022-01-25T10:47:27.788Z,2022-01-25T12:44:55Z,7047.212
45.5741292,6.7789451,2022-01-25T12:53:36.236Z,2022-01-25T14:49:02.136Z,6925.9
45.5725676,6.7780143,2022-01-25T14:51:03.149Z,2022-01-25T15:11:13.817Z,1210.668
45.5741292,6.7789451,2022-01-25T15:13:14.830Z,2022-01-26T09:26:42.233Z,65607.403
45.5741292,6.7789451,2022-01-26T13:11:51.359Z,2022-01-26T14:14:26Z,3754.641
45.5715484,6.7850275,2022-01-26T14:21:53.281Z,2022-01-26T16:43:55.930Z,8522.649
45.5741292,6.7789451,2022-01-26T17:00:27.312Z,2022-01-26T17:22:01.133Z,1293.821
45.5715484,6.7850275,2022-01-26T17:27:24.088Z,2022-01-26T17:35:28.505Z,484.417
45.5741292,6.7789451,2022-01-26T17:44:01.837Z,2022-01-26T19:17:19.253Z,5597.416
45.5760212,6.7800804,2022-01-26T19:21:27.106Z,2022-01-27T08:18:39.315Z,46632.209
45.5741292,6.7789451,2022-01-27T08:18:39.315Z,2022-01-27T09:15:09.871Z,3390.556
45.5716411,6.7780509,2022-01-27T09:17:10.891Z,2022-01-27T09:25:19.252Z,488.361
45.5643862,6.8242874,2022-01-27T11:05:44.467Z,2022-01-27T11:16:12.379Z,627.912
45.5716411,6.7780509,2022-01-27T12:26:30.654Z,2022-01-27T12:34:33.715Z,483.061
45.550126,6.8103488,2022-01-27T13:00:56.370Z,2022-01-27T13:06:56.984Z,360.614
45.5741292,6.7789451,2022-01-27T13:47:12.526Z,2022-01-27T17:56:15Z,14942.474
45.5732854,6.7774659,2022-01-27T17:56:15Z,2022-01-27T20:05:36.150Z,7761.15
45.5741292,6.7789451,2022-01-27T20:10:43.297Z,2022-01-27T20:28:58.488Z,1095.191
45.5760212,6.7800804,2022-01-27T20:33:02.210Z,2022-01-28T00:35:51.567Z,14569.357
45.5741292,6.7789451,2022-01-28T00:39:53.588Z,2022-01-28T08:15:12.269Z,27318.681
45.5716411,6.7780509,2022-01-28T08:27:18.398Z,2022-01-28T08:33:21.478Z,363.08
45.5715484,6.7850275,2022-01-28T10:08:23.671Z,2022-01-28T10:18:28.786Z,605.115
45.5716411,6.7780509,2022-01-28T10:20:29.757Z,2022-01-28T10:28:33.879Z,484.122
45.5715484,6.7850275,2022-01-28T10:51:03.721Z,2022-01-28T12:04:05.270Z,4381.549
45.5500906,6.7634277,2022-01-28T12:58:31.476Z,2022-01-28T13:08:01.051Z,569.575
45.5505138,6.7865018,2022-01-28T13:33:22.307Z,2022-01-28T13:51:05.522Z,1063.215
45.5505138,6.7865018,2022-01-28T14:31:16.151Z,2022-01-28T15:09:27.517Z,2291.366
45.5741292,6.7789451,2022-01-28T16:04:21.353Z,2022-01-28T18:00:49.570Z,6988.217
45.575947,6.782761,2022-01-28T18:04:02.071Z,2022-01-28T19:03:11.865Z,3549.794
45.5741292,6.7789451,2022-01-28T19:07:13.895Z,2022-01-29T07:51:21Z,45847.105
45.5725676,6.7780143,2022-01-29T07:53:43.827Z,2022-01-29T08:03:52.787Z,608.96
45.5775258,6.785824,2022-01-29T08:17:00.740Z,2022-01-29T08:31:08.562Z,847.822
45.57322,6.77824,2022-01-29T08:41:13.497Z,2022-01-29T11:48:53.986Z,11260.489
45.5762718,6.7815733,2022-01-29T13:18:56.682Z,2022-01-29T14:14:11.799Z,3315.117
45.5732502,6.7776395,2022-01-29T14:41:56.717Z,2022-01-29T15:23:14.548Z,2477.831
45.5775258,6.785824,2022-01-29T18:46:43Z,2022-01-29T22:22:01.502Z,12918.502
46.990473,7.4770161,2022-01-30T03:18:51.475Z,2022-01-30T03:42:31Z,1419.525
48.3070742,7.7910764,2022-01-30T06:12:19.319Z,2022-01-30T06:37:07.669Z,1488.35
48.5627441,7.9584704,2022-01-30T07:11:34.657Z,2022-01-30T07:26:35.332Z,900.675
51.087665,9.4855044,2022-01-30T11:32:51.269Z,2022-01-30T12:03:19Z,1827.731
52.1277213,10.0513566,2022-01-30T14:20:14Z,2022-01-30T14:35:03.437Z,889.437
54.5008996,11.2262252,2022-01-30T18:13:38.114Z,2022-01-30T18:32:41.304Z,1143.19
54.500764,11.225843,2022-01-30T18:32:41.304Z,2022-01-30T19:04:24.791Z,1903.487
55.7855742,12.521381,2022-01-30T21:39:30.728Z,2022-01-30T21:44:48.808Z,318.08
55.782994,12.523918,2022-01-30T21:50:10.837Z,2022-01-31T13:34:02.161Z,56631.324
55.771057,12.504943,2022-01-31T13:42:06.323Z,2022-01-31T13:55:23.468Z,797.145
55.782994,12.523918,2022-01-31T14:03:27.612Z,2022-02-01T10:56:39.871Z,75192.259
55.7855742,12.521381,2022-02-01T11:06:41.919Z,2022-02-01T15:55:04.744Z,17302.825
55.799931,12.4530549,2022-02-01T16:18:42.971Z,2022-02-01T21:05:59Z,17236.029
55.782994,12.523918,2022-02-01T21:17:48.272Z,2022-02-02T11:45:06Z,52037.728
55.7855742,12.521381,2022-02-02T11:54:23.471Z,2022-02-02T13:51:51.064Z,7047.593
55.782994,12.523918,2022-02-02T14:06:58.404Z,2022-02-02T16:38:49.558Z,9111.154
55.7855742,12.521381,2022-02-02T16:43:50.580Z,2022-02-02T19:11:53.486Z,8882.906
55.782994,12.523918,2022-02-02T19:21:49.517Z,2022-02-03T06:49:52.395Z,41282.878
55.7855742,12.521381,2022-02-03T06:54:59.690Z,2022-02-03T10:48:02.997Z,13983.307
55.782994,12.523918,2022-02-03T11:03:06.105Z,2022-02-03T11:40:58.607Z,2272.502
55.7855742,12.521381,2022-02-03T11:50:30.953Z,2022-02-03T15:41:32.091Z,13861.138
55.782994,12.523918,2022-02-03T15:51:37.665Z,2022-02-03T16:00:24.985Z,527.32
55.7855742,12.521381,2022-02-03T16:05:30.766Z,2022-02-03T16:14:06.370Z,515.604
55.799931,12.4530549,2022-02-03T16:29:52.863Z,2022-02-03T21:23:37.512Z,17624.649
55.782994,12.523918,2022-02-03T21:36:42.608Z,2022-02-04T07:55:45.307Z,37142.699
55.7855742,12.521381,2022-02-04T08:04:25.896Z,2022-02-04T13:09:04.411Z,18278.515
55.782994,12.523918,2022-02-04T13:19:06.440Z,2022-02-04T13:48:55.375Z,1788.935
55.7855742,12.521381,2022-02-04T13:53:56.384Z,2022-02-04T17:10:57.473Z,11821.089
55.7681776,12.5028807,2022-02-04T17:20:07Z,2022-02-04T17:28:50Z,523.0
55.7658333,12.4891667,2022-02-04T17:35:04.514Z,2022-02-04T17:42:10.319Z,425.805
55.7723766,12.474596,2022-02-04T17:55:06.486Z,2022-02-04T20:53:00.615Z,10674.129
55.7812461,12.4835446,2022-02-04T21:04:44.884Z,2022-02-04T21:08:00.262Z,195.378
55.6778283,12.5708572,2022-02-04T21:44:01.843Z,2022-02-05T01:02:03.626Z,11881.783
55.6836692,12.571585,2022-02-05T01:15:58Z,2022-02-05T01:22:12Z,374.0
55.782994,12.523918,2022-02-05T02:21:44.352Z,2022-02-05T11:44:06.192Z,33741.84
55.7855742,12.521381,2022-02-05T11:49:45.155Z,2022-02-05T17:01:45Z,18719.845
55.782994,12.523918,2022-02-05T17:06:56.919Z,2022-02-06T12:52:11.842Z,71114.923
55.782994,12.523918,2022-02-06T13:12:14.180Z,2022-02-07T11:06:31.375Z,78857.195
55.7855742,12.521381,2022-02-07T11:21:34.456Z,2022-02-07T13:48:49.034Z,8834.578
55.782994,12.523918,2022-02-07T13:53:50.091Z,2022-02-07T15:05:39.148Z,4309.057
55.782994,12.523918,2022-02-07T15:31:43.108Z,2022-02-07T18:41:03.137Z,11360.029
55.782994,12.523918,2022-02-07T19:03:14.810Z,2022-02-08T10:29:37.747Z,55582.937
55.7855742,12.521381,2022-02-08T10:39:44.658Z,2022-02-08T11:04:44.441Z,1499.783
55.7855742,12.521381,2022-02-08T11:40:47.523Z,2022-02-08T15:19:46.288Z,13138.765
55.782994,12.523918,2022-02-08T15:32:29.418Z,2022-02-09T07:59:54.420Z,59245.002
55.7855742,12.521381,2022-02-09T08:11:48.454Z,2022-02-09T10:05:08.580Z,6800.126
55.782994,12.523918,2022-02-09T10:08:08.205Z,2022-02-09T15:52:31.674Z,20663.469
55.782994,12.523918,2022-02-09T16:17:43.252Z,2022-02-10T06:44:18.586Z,51995.334
55.7855742,12.521381,2022-02-10T06:54:17.067Z,2022-02-10T17:36:08.327Z,38511.26
55.782994,12.523918,2022-02-10T17:39:46.015Z,2022-02-11T06:45:11.200Z,47125.185
55.7855742,12.521381,2022-02-11T06:55:13.209Z,2022-02-11T10:35:55Z,13241.791
55.7855742,12.521381,2022-02-11T10:50:04.941Z,2022-02-11T11:32:58.958Z,2574.017
55.782994,12.523918,2022-02-11T11:38:45.409Z,2022-02-11T12:05:07.923Z,1582.514
55.7855742,12.521381,2022-02-11T12:10:10.031Z,2022-02-11T23:13:52Z,39821.969
55.782994,12.523918,2022-02-11T23:19:55.334Z,2022-02-12T12:25:05.619Z,47110.285
55.7993484,12.453431,2022-02-12T12:49:31.137Z,2022-02-12T23:31:04.317Z,38493.18
55.782994,12.523918,2022-02-12T23:57:57.729Z,2022-02-13T13:20:02.925Z,48125.196
55.7993484,12.453431,2022-02-13T13:45:07.983Z,2022-02-13T19:09:26.739Z,19458.756
55.782994,12.523918,2022-02-13T19:40:40Z,2022-02-14T06:50:28.630Z,40188.63
55.7855742,12.521381,2022-02-14T06:54:51.857Z,2022-02-14T10:36:04.136Z,13272.279
55.782994,12.523918,2022-02-14T10:47:10.887Z,2022-02-14T13:13:03.484Z,8752.597
55.7855742,12.521381,2022-02-14T13:23:05.501Z,2022-02-14T16:03:56.084Z,9650.583
55.782994,12.523918,2022-02-14T16:12:35.233Z,2022-02-15T09:15:51.433Z,61396.2
55.7855742,12.521381,2022-02-15T09:23:54.518Z,2022-02-15T09:48:56.663Z,1502.145
55.782994,12.523918,2022-02-15T09:54:43.559Z,2022-02-15T11:48:54.593Z,6851.034
55.7855742,12.521381,2022-02-15T11:58:57.897Z,2022-02-15T15:36:52.254Z,13074.357
55.782994,12.523918,2022-02-15T15:42:15.554Z,2022-02-15T16:08:08.691Z,1553.137
55.77567,12.5206401,2022-02-15T16:17:00Z,2022-02-15T16:36:53.912Z,1193.912
55.782994,12.523918,2022-02-15T16:47:58.327Z,2022-02-16T15:13:26.682Z,80728.355
55.782994,12.523918,2022-02-16T15:57:44.398Z,2022-02-17T08:35:30.650Z,59866.252
55.7855742,12.521381,2022-02-17T08:45:33.783Z,2022-02-17T18:00:45.476Z,33311.693
55.782994,12.523918,2022-02-17T18:05:38.851Z,2022-02-17T18:58:35.091Z,3176.24
55.7855742,12.521381,2022-02-17T19:02:02.662Z,2022-02-17T23:52:55.263Z,17452.601
55.782994,12.523918,2022-02-17T23:55:12.579Z,2022-02-18T11:41:06.954Z,42354.375
55.7838509,12.5184646,2022-02-18T11:49:58.687Z,2022-02-18T12:29:44.758Z,2386.071
55.782994,12.523918,2022-02-18T12:35:40.959Z,2022-02-18T12:49:47.984Z,847.025
55.7855742,12.521381,2022-02-18T12:52:22.840Z,2022-02-18T14:52:06.060Z,7183.22
55.782994,12.523918,2022-02-18T14:56:26.860Z,2022-02-18T16:12:58.692Z,4591.832
55.7855742,12.521381,2022-02-18T16:22:10.509Z,2022-02-18T17:01:47.066Z,2376.557
55.782994,12.523918,2022-02-18T17:11:49.091Z,2022-02-19T13:27:32.511Z,72943.42
55.7993484,12.453431,2022-02-19T13:51:31.509Z,2022-02-19T19:09:58.456Z,19106.947
55.782994,12.523918,2022-02-19T19:43:00.117Z,2022-02-21T07:16:48Z,128027.883
55.7855742,12.521381,2022-02-21T07:24:49.192Z,2022-02-21T11:11:29Z,13599.808
55.782994,12.523918,2022-02-21T11:18:01.040Z,2022-02-21T14:23:14.399Z,11113.359
55.782994,12.523918,2022-02-21T14:47:11.428Z,2022-02-22T08:20:32.442Z,63201.014
55.7855742,12.521381,2022-02-22T08:30:34.478Z,2022-02-22T09:43:14.662Z,4360.184
55.782994,12.523918,2022-02-22T09:48:55.198Z,2022-02-22T11:47:15.958Z,7100.76
55.7855742,12.521381,2022-02-22T11:51:51.373Z,2022-02-22T15:46:51.775Z,14100.402
55.782994,12.523918,2022-02-22T15:53:02Z,2022-02-22T17:58:23.017Z,7521.017
55.782994,12.523918,2022-02-22T18:19:33.608Z,2022-02-23T09:06:31.879Z,53218.271
55.782994,12.523918,2022-02-23T09:38:48.893Z,2022-02-23T16:51:49.616Z,25980.723
55.7855742,12.521381,2022-02-23T16:55:59.007Z,2022-02-23T19:53:53.719Z,10674.712
55.7855742,12.521381,2022-02-23T20:08:30.123Z,2022-02-23T21:46:12.907Z,5862.784
55.782994,12.523918,2022-02-23T21:51:34.280Z,2022-02-24T08:35:07.196Z,38612.916
55.7855742,12.521381,2022-02-24T08:40:08.188Z,2022-02-25T06:26:16.475Z,78368.287
55.782994,12.523918,2022-02-25T06:26:16.475Z,2022-02-25T06:45:47.434Z,1170.959
55.7855742,12.521381,2022-02-25T06:50:23.741Z,2022-02-25T10:03:13.935Z,11570.194
55.782994,12.523918,2022-02-25T10:13:16.006Z,2022-02-25T11:07:34.178Z,3258.172
55.7855742,12.521381,2022-02-25T11:07:34.178Z,2022-02-25T13:12:30.096Z,7495.918
55.782994,12.523918,2022-02-25T13:17:31.279Z,2022-02-25T15:52:56.038Z,9324.759
55.7855742,12.521381,2022-02-25T16:09:58.874Z,2022-02-25T16:27:50.628Z,1071.754
55.782994,12.523918,2022-02-25T16:32:51.661Z,2022-02-25T16:47:59.292Z,907.631
55.9745597,11.2998304,2022-02-25T18:09:43.422Z,2022-02-25T19:04:34.973Z,3291.551
56.144365,10.181111,2022-02-25T20:33:59.386Z,2022-02-26T08:29:58Z,42958.614
56.16012,10.209579,2022-02-26T08:40:35.887Z,2022-02-26T13:14:35.718Z,16439.831
56.1572468,10.2081974,2022-02-26T13:18:54.836Z,2022-02-26T13:30:09.135Z,674.299
56.1548111,10.2067722,2022-02-26T13:32:10.134Z,2022-02-26T13:57:32.707Z,1522.573
56.1591785,10.2096372,2022-02-26T14:05:38.778Z,2022-02-26T14:55:05.498Z,2966.72
56.1544014,10.2070961,2022-02-26T15:13:21.116Z,2022-02-26T15:29:44.052Z,982.936
56.16012,10.209579,2022-02-26T15:43:01.758Z,2022-02-26T15:55:26.856Z,745.098
56.1430806,10.1860974,2022-02-26T16:06:10.524Z,2022-02-26T16:14:44.201Z,513.677
56.144365,10.181111,2022-02-26T16:17:17Z,2022-02-26T19:57:17.378Z,13200.378
56.1490782,10.2047657,2022-02-26T20:01:22.600Z,2022-02-26T22:44:48.667Z,9806.067
56.144365,10.181111,2022-02-26T23:08:11Z,2022-02-27T12:33:38Z,48327.0
56.0877935,10.248785,2022-02-27T12:50:07.072Z,2022-02-27T13:42:28.460Z,3141.388
56.144365,10.181111,2022-02-27T14:04:47.990Z,2022-02-27T17:18:30Z,11622.01
56.144365,10.181111,2022-02-27T17:40:34.116Z,2022-02-27T18:04:23.591Z,1429.475
55.782994,12.523918,2022-02-27T21:26:45.053Z,2022-02-28T07:03:38.021Z,34612.968
55.7855742,12.521381,2022-02-28T07:11:52.520Z,2022-02-28T08:13:15.949Z,3683.429
55.782994,12.523918,2022-02-28T08:23:37.723Z,2022-02-28T10:54:07.445Z,9029.722
55.7855742,12.521381,2022-02-28T10:59:08.549Z,2022-02-28T15:49:18.147Z,17409.598
55.782994,12.523918,2022-02-28T16:01:51.782Z,2022-03-01T11:47:48Z,71156.218
55.7855742,12.521381,2022-03-01T11:57:06.262Z,2022-03-01T15:35:48.346Z,13122.084
55.7855742,12.521381,2022-03-01T15:46:58.738Z,2022-03-01T21:10:06.925Z,19388.187
55.7881304,12.5323888,2022-03-01T21:20:11.621Z,2022-03-01T23:37:47.005Z,8255.384
55.782994,12.523918,2022-03-02T00:01:35.841Z,2022-03-02T15:41:52.077Z,56416.236
55.7855742,12.521381,2022-03-02T15:50:41.012Z,2022-03-02T16:09:12.835Z,1111.823
55.7855742,12.521381,2022-03-02T16:19:18.985Z,2022-03-03T00:08:58.667Z,28179.682
55.782994,12.523918,2022-03-03T00:08:58.667Z,2022-03-03T08:36:58.675Z,30480.008
55.7855742,12.521381,2022-03-03T08:41:43.566Z,2022-03-03T14:42:29.400Z,21645.834
55.782994,12.523918,2022-03-03T14:47:30.439Z,2022-03-03T16:43:24.296Z,6953.857
55.782994,12.523918,2022-03-03T16:59:21.791Z,2022-03-04T06:44:10.379Z,49488.588
55.7855742,12.521381,2022-03-04T06:52:16.746Z,2022-03-04T10:44:05.483Z,13908.737
55.7548547,12.5173743,2022-03-04T11:03:54.386Z,2022-03-04T11:21:37.598Z,1063.212
55.7855742,12.521381,2022-03-04T11:39:29.133Z,2022-03-04T12:12:13.955Z,1964.822
55.782994,12.523918,2022-03-04T12:12:13.955Z,2022-03-04T13:35:16.214Z,4982.259
55.7855742,12.521381,2022-03-04T13:40:18.003Z,2022-03-04T13:53:14.114Z,776.111
55.782994,12.523918,2022-03-04T14:03:20.507Z,2022-03-04T14:25:38Z,1337.493
55.7855742,12.521381,2022-03-04T14:35:45.300Z,2022-03-04T23:08:49.190Z,30783.89
55.782994,12.523918,2022-03-04T23:08:49.190Z,2022-03-05T09:14:03.487Z,36314.297
55.782994,12.523918,2022-03-05T09:43:20.140Z,2022-03-05T13:32:10.371Z,13730.231
55.799931,12.4530549,2022-03-05T13:54:21.631Z,2022-03-05T23:49:40.085Z,35718.454
55.782994,12.523918,2022-03-06T00:16:02.217Z,2022-03-07T08:23:27.536Z,115645.319
55.7855742,12.521381,2022-03-07T08:28:36.858Z,2022-03-07T09:34:01.622Z,3924.764
55.782994,12.523918,2022-03-07T10:04:07.738Z,2022-03-07T13:50:58.566Z,13610.828
55.782994,12.523918,2022-03-07T14:25:51.255Z,2022-03-08T14:41:50.369Z,87359.114
55.771057,12.504943,2022-03-08T14:57:55.725Z,2022-03-08T15:24:19.829Z,1584.104
55.782994,12.523918,2022-03-08T15:36:30Z,2022-03-08T19:51:57.087Z,15327.087
55.782994,12.523918,2022-03-08T20:27:09.282Z,2022-03-09T19:32:53.662Z,83144.38
55.7855742,12.521381,2022-03-09T19:38:41.530Z,2022-03-09T21:41:46.428Z,7384.898
55.782994,12.523918,2022-03-09T21:47:18.257Z,2022-03-10T08:43:04Z,39345.743
55.7855742,12.521381,2022-03-10T08:49:51.327Z,2022-03-10T14:03:07.568Z,18796.241
55.782994,12.523918,2022-03-10T14:08:08.601Z,2022-03-10T14:58:33.985Z,3025.384
55.7855742,12.521381,2022-03-10T15:04:36.550Z,2022-03-10T16:04:14.110Z,3577.56
55.7855742,12.521381,2022-03-10T16:14:17.084Z,2022-03-10T20:47:13.338Z,16376.254
55.782994,12.523918,2022-03-10T20:52:14.356Z,2022-03-10T22:11:20.871Z,4746.515
55.782994,12.523918,2022-03-10T22:43:23.715Z,2022-03-11T06:44:04.435Z,28840.72
55.7855742,12.521381,2022-03-11T06:49:06.608Z,2022-03-11T11:00:13.646Z,15067.038
55.782994,12.523918,2022-03-11T11:07:31.479Z,2022-03-11T12:59:54.508Z,6743.029
55.7855742,12.521381,2022-03-11T13:10:05.532Z,2022-03-11T20:09:50.250Z,25184.718
55.782994,12.523918,2022-03-11T20:14:52.107Z,2022-03-12T08:48:12.298Z,45200.191
55.782994,12.523918,2022-03-12T09:16:55.198Z,2022-03-12T13:29:55.472Z,15180.274
55.799931,12.4530549,2022-03-12T13:50:05.676Z,2022-03-12T19:14:30.705Z,19465.029
55.782994,12.523918,2022-03-12T19:38:29.455Z,2022-03-13T11:45:02Z,57992.545
55.782994,12.523918,2022-03-13T12:15:15.267Z,2022-03-13T13:25:48.733Z,4233.466
55.799931,12.4530549,2022-03-13T13:47:49.580Z,2022-03-13T22:25:10.024Z,31040.444
55.782994,12.523918,2022-03-13T22:50:52.748Z,2022-03-14T08:47:18.320Z,35785.572
55.7855742,12.521381,2022-03-14T08:53:03.783Z,2022-03-14T11:02:18.968Z,7755.185
55.782994,12.523918,2022-03-14T11:12:20.983Z,2022-03-14T14:04:42.779Z,10341.796
55.782994,12.523918,2022-03-14T14:39:57.739Z,2022-03-14T16:11:07.425Z,5469.686
55.771271,12.506886,2022-03-14T16:21:58.826Z,2022-03-14T17:07:13.687Z,2714.861
55.768013,12.5046796,2022-03-14T17:11:31.385Z,2022-03-14T17:27:39.592Z,968.207
55.7714547,12.5078375,2022-03-14T17:31:41.644Z,2022-03-14T21:02:44.367Z,12662.723
55.782994,12.523918,2022-03-14T21:17:15.366Z,2022-03-15T10:47:42.853Z,48627.487
55.7855742,12.521381,2022-03-15T10:52:52.324Z,2022-03-15T11:14:14.554Z,1282.23
55.782994,12.523918,2022-03-15T11:23:49.339Z,2022-03-15T15:59:03.113Z,16513.774
55.7855742,12.521381,2022-03-15T16:04:26.271Z,2022-03-15T19:28:02.527Z,12216.256
55.782994,12.523918,2022-03-15T19:39:00.510Z,2022-03-15T20:06:57.396Z,1676.886
55.7855742,12.521381,2022-03-15T20:09:05.708Z,2022-03-15T22:46:31.560Z,9445.852
55.782994,12.523918,2022-03-15T22:55:16.341Z,2022-03-16T09:46:26.695Z,39070.354
55.782994,12.523918,2022-03-16T10:15:45.392Z,2022-03-16T16:39:26.441Z,23021.049
55.782994,12.523918,2022-03-16T17:05:05.007Z,2022-03-17T06:45:12Z,49206.993
55.7855742,12.521381,2022-03-17T06:53:15.142Z,2022-03-17T15:07:28.744Z,29653.602
55.782994,12.523918,2022-03-17T15:13:20.812Z,2022-03-17T16:00:11.123Z,2810.311
55.7855742,12.521381,2022-03-17T16:05:30.421Z,2022-03-17T20:11:35.049Z,14764.628
55.782994,12.523918,2022-03-17T20:28:56.580Z,2022-03-18T06:45:48.784Z,37012.204
55.7855742,12.521381,2022-03-18T06:50:24.563Z,2022-03-18T11:51:30.480Z,18065.917
55.782994,12.523918,2022-03-18T11:56:34.358Z,2022-03-18T16:57:08.110Z,18033.752
55.782994,12.523918,2022-03-18T17:27:50.346Z,2022-03-19T06:55:20.699Z,48450.353
55.7313977,12.3961888,2022-03-19T07:12:12.356Z,2022-03-19T15:29:36.781Z,29844.425
55.729561,12.349121,2022-03-19T15:46:52.787Z,2022-03-19T17:20:56.968Z,5644.181
55.729561,12.349121,2022-03-19T17:35:25.486Z,2022-03-19T22:34:35.864Z,17950.378
55.7299225,12.3581373,2022-03-19T22:40:47.047Z,2022-03-19T22:53:12.903Z,745.856
55.782994,12.523918,2022-03-19T23:54:53.942Z,2022-03-21T07:50:58.633Z,114964.691
55.7855742,12.521381,2022-03-21T07:55:59.651Z,2022-03-21T11:53:30.382Z,14250.731
55.782994,12.523918,2022-03-21T11:59:16.210Z,2022-03-21T15:07:16.706Z,11280.496
55.782994,12.523918,2022-03-21T15:33:56.077Z,2022-03-21T19:52:02.194Z,15486.117
55.7855742,12.521381,2022-03-21T19:57:03.191Z,2022-03-21T21:45:00.138Z,6476.947
55.782994,12.523918,2022-03-21T21:48:21.115Z,2022-03-22T11:43:19.321Z,50098.206
55.7855742,12.521381,2022-03-22T11:49:22.356Z,2022-03-22T15:58:17.012Z,14934.656
55.782994,12.523918,2022-03-22T16:02:54.786Z,2022-03-22T16:57:50.340Z,3295.554
55.799931,12.4530549,2022-03-22T17:20:01.599Z,2022-03-22T22:15:45.020Z,17743.421
55.782994,12.523918,2022-03-22T22:39:59.103Z,2022-03-23T10:18:54.379Z,41935.276
55.7855742,12.521381,2022-03-23T10:22:58.049Z,2022-03-23T11:11:14.343Z,2896.294
55.782994,12.523918,2022-03-23T11:17:24.342Z,2022-03-23T16:32:09.618Z,18885.276
55.7855742,12.521381,2022-03-23T16:34:10.667Z,2022-03-24T11:50:24.570Z,69373.903
55.782994,12.523918,2022-03-24T11:58:21.272Z,2022-03-24T13:55:04.807Z,7003.535
55.7855742,12.521381,2022-03-24T14:03:23.163Z,2022-03-24T23:16:04.338Z,33161.175
55.782994,12.523918,2022-03-24T23:21:10.335Z,2022-03-25T06:47:01.671Z,26751.336
55.7855742,12.521381,2022-03-25T06:55:30.981Z,2022-03-25T10:11:26.429Z,11755.448
55.782994,12.523918,2022-03-25T10:21:28.467Z,2022-03-25T11:39:21.616Z,4673.149
55.781134,12.5084971,2022-03-25T11:52:18Z,2022-03-25T13:21:57.832Z,5379.832
55.782994,12.523918,2022-03-25T13:42:38.644Z,2022-03-25T13:53:46.161Z,667.517
55.7855742,12.521381,2022-03-25T14:13:52.611Z,2022-03-25T15:42:00.230Z,5287.619
55.7855742,12.521381,2022-03-25T15:57:06.230Z,2022-03-25T18:06:35.156Z,7768.926
55.7855742,12.521381,2022-03-25T18:25:31.298Z,2022-03-25T21:14:49.715Z,10158.417
55.782994,12.523918,2022-03-25T21:24:21.936Z,2022-03-26T13:00:07.924Z,56145.988
55.782994,12.523918,2022-03-26T13:54:46.201Z,2022-03-26T19:12:05.304Z,19039.103
55.782994,12.523918,2022-03-26T19:27:59.830Z,2022-03-27T14:53:30.337Z,69930.507
55.799931,12.4530549,2022-03-27T15:22:18.715Z,2022-03-27T18:28:52.722Z,11194.007
55.782994,12.523918,2022-03-27T19:45:24.067Z,2022-03-28T09:17:51.364Z,48747.297
55.7855742,12.521381,2022-03-28T09:22:52.395Z,2022-03-28T12:31:26.889Z,11314.494
55.782994,12.523918,2022-03-28T12:46:30.910Z,2022-03-28T15:24:46.035Z,9495.125
55.7855742,12.521381,2022-03-28T15:34:48.122Z,2022-03-28T17:32:22.755Z,7054.633
55.782994,12.523918,2022-03-28T17:42:23.880Z,2022-03-28T20:57:13.824Z,11689.944
55.7855742,12.521381,2022-03-28T21:02:47.210Z,2022-03-28T21:37:19.158Z,2071.948
55.782994,12.523918,2022-03-28T21:40:46.731Z,2022-03-29T10:48:15.228Z,47248.497
55.7855742,12.521381,2022-03-29T10:57:20Z,2022-03-29T14:01:17.255Z,11037.255
55.782994,12.523918,2022-03-29T14:11:18.395Z,2022-03-30T15:17:59.951Z,90401.556
55.7855742,12.521381,2022-03-30T15:32:44.062Z,2022-03-30T17:12:58.098Z,6014.036
55.782994,12.523918,2022-03-30T17:21:58.209Z,2022-03-31T06:45:30.327Z,48212.118
55.7855742,12.521381,2022-03-31T06:50:43.318Z,2022-03-31T10:25:37.182Z,12893.864
55.782994,12.523918,2022-03-31T10:33:29.848Z,2022-04-01T05:44:09.568Z,69039.72
55.7855742,12.521381,2022-04-01T05:54:10.691Z,2022-04-01T07:53:10.583Z,7139.892
55.7855742,12.521381,2022-04-01T08:09:45.052Z,2022-04-01T09:53:37.973Z,6232.921
55.781134,12.5084971,2022-04-01T09:56:34.799Z,2022-04-01T11:19:25.073Z,4970.274
55.782994,12.523918,2022-04-01T11:38:09.743Z,2022-04-01T12:22:43.235Z,2673.492
55.782994,12.523918,2022-04-01T12:59:41.185Z,2022-04-01T15:06:36.817Z,7615.632
55.782994,12.523918,2022-04-01T15:21:54.440Z,2022-04-01T17:11:40.847Z,6586.407
55.775741,12.521402,2022-04-01T17:19:24.391Z,2022-04-01T17:31:51.361Z,746.97
55.782994,12.523918,2022-04-01T17:46:52.675Z,2022-04-02T04:37:46.706Z,39054.031
55.7855742,12.521381,2022-04-02T04:41:13.614Z,2022-04-02T17:35:08.224Z,46434.61
55.782994,12.523918,2022-04-02T17:40:20.527Z,2022-04-02T17:55:23.630Z,903.103
55.7869182,12.5283136,2022-04-02T17:55:23.630Z,2022-04-02T18:12:30.195Z,1026.565
55.6831143,12.5721118,2022-04-02T18:44:25.435Z,2022-04-02T18:55:48.567Z,683.132
55.6800437,12.574882,2022-04-02T19:00:50.321Z,2022-04-02T22:37:53.349Z,13023.028
55.782994,12.523918,2022-04-02T23:52:59.356Z,2022-04-04T07:44:30.967Z,114691.611
55.7855742,12.521381,2022-04-04T07:49:31.973Z,2022-04-04T10:50:31Z,10859.027
55.7855742,12.521381,2022-04-04T11:01:13.514Z,2022-04-04T15:05:08.816Z,14635.302
55.782994,12.523918,2022-04-04T15:27:46.428Z,2022-04-05T08:59:08.595Z,63082.167
55.7716667,12.5080556,2022-04-05T09:09:22.918Z,2022-04-05T09:16:01.857Z,398.939
55.782994,12.523918,2022-04-05T21:22:27.817Z,2022-04-06T10:06:37.081Z,45849.264
55.7855742,12.521381,2022-04-06T10:06:37.081Z,2022-04-06T14:20:53.254Z,15256.173
55.782994,12.523918,2022-04-06T14:36:00.232Z,2022-04-06T15:03:08.095Z,1627.863
55.7855742,12.521381,2022-04-06T15:07:09.563Z,2022-04-06T21:21:33.594Z,22464.031
55.782994,12.523918,2022-04-06T21:27:40.677Z,2022-04-07T08:56:58.518Z,41357.841
55.7855742,12.521381,2022-04-07T09:02:24.625Z,2022-04-07T22:31:31.257Z,48546.632
55.782994,12.523918,2022-04-07T23:12:06.179Z,2022-04-08T05:42:23.078Z,23416.899
55.7855742,12.521381,2022-04-08T05:55:28.374Z,2022-04-08T07:45:15.489Z,6587.115
55.7855742,12.521381,2022-04-08T08:10:24.847Z,2022-04-08T08:43:49.307Z,2004.46
55.782994,12.523918,2022-04-08T08:54:25.886Z,2022-04-08T10:53:03.820Z,7117.934
55.7855742,12.521381,2022-04-08T11:03:08.758Z,2022-04-08T15:41:04.082Z,16675.324
54.7097272,11.2577168,2022-04-08T18:24:46.859Z,2022-04-12T11:09:44.966Z,319498.107
55.7855742,12.521381,2022-04-12T13:33:58Z,2022-04-12T15:25:51Z,6713.0
55.782994,12.523918,2022-04-12T15:25:51Z,2022-04-13T15:26:02.784Z,86411.784
55.782994,12.523918,2022-04-13T15:41:08.122Z,2022-04-15T06:43:36.800Z,140548.678
55.7681776,12.5028807,2022-04-15T06:54:52.689Z,2022-04-15T07:11:22Z,989.311
55.7333809,12.3447267,2022-04-15T07:46:40Z,2022-04-15T10:04:45.816Z,8285.816
55.729561,12.349121,2022-04-15T10:12:52.390Z,2022-04-15T13:53:27.454Z,13235.064
55.7681776,12.5028807,2022-04-15T14:27:40.526Z,2022-04-15T14:47:47.303Z,1206.777
55.782994,12.523918,2022-04-15T15:02:07.153Z,2022-04-16T10:16:06.342Z,69239.189
55.782994,12.523918,2022-04-16T10:39:23.363Z,2022-04-16T12:25:59.755Z,6396.392
55.7993484,12.453431,2022-04-16T12:48:13.676Z,2022-04-16T22:51:17.660Z,36183.984
55.782994,12.523918,2022-04-16T23:20:54.470Z,2022-04-17T14:37:17.652Z,54983.182
55.782994,12.523918,2022-04-17T14:57:47.925Z,2022-04-18T11:45:12.114Z,74844.189
55.7855742,12.521381,2022-04-18T11:50:33.893Z,2022-04-18T13:31:19.758Z,6045.865
55.782994,12.523918,2022-04-18T13:36:25.826Z,2022-04-18T19:06:05.428Z,19779.602
55.782994,12.523918,2022-04-18T19:28:16.753Z,2022-04-19T10:34:00.174Z,54343.421
55.7855742,12.521381,2022-04-19T10:42:15.769Z,2022-04-19T23:28:43.081Z,45987.312
55.782994,12.523918,2022-04-19T23:34:06.650Z,2022-04-20T13:49:29.016Z,51322.366
55.7855742,12.521381,2022-04-20T13:56:44.416Z,2022-04-20T14:14:57.383Z,1092.967
55.782994,12.523918,2022-04-20T14:29:26.622Z,2022-04-20T14:58:35.935Z,1749.313
55.7855742,12.521381,2022-04-20T15:07:35.305Z,2022-04-20T16:54:23.142Z,6407.837
55.782994,12.523918,2022-04-20T17:04:28.085Z,2022-04-21T07:37:34.016Z,52385.931
55.7855742,12.521381,2022-04-21T07:53:10.647Z,2022-04-21T12:27:35.728Z,16465.081
55.782994,12.523918,2022-04-21T12:32:53.541Z,2022-04-21T13:29:56.125Z,3422.584
55.7855742,12.521381,2022-04-21T13:37:57.750Z,2022-04-21T14:25:16.692Z,2838.942
55.7855742,12.521381,2022-04-21T14:40:22.756Z,2022-04-21T17:45:30.621Z,11107.865
55.782994,12.523918,2022-04-21T17:45:30.621Z,2022-04-21T18:08:49.011Z,1398.39
55.7855742,12.521381,2022-04-21T18:14:07.918Z,2022-04-21T22:17:06.029Z,14578.111
55.782994,12.523918,2022-04-21T22:17:06.029Z,2022-04-22T06:57:56.954Z,31250.925
55.782994,12.523918,2022-04-22T07:13:39.858Z,2022-04-22T07:47:05.016Z,2005.158
55.7855742,12.521381,2022-04-22T07:57:23.645Z,2022-04-22T09:30:08.112Z,5564.467
55.782994,12.523918,2022-04-22T09:39:23.398Z,2022-04-22T10:04:32.267Z,1508.869
55.7855742,12.521381,2022-04-22T10:22:59.489Z,2022-04-22T15:06:41.799Z,17022.31
55.782994,12.523918,2022-04-22T15:06:41.799Z,2022-04-22T15:25:21.316Z,1119.517
55.7855742,12.521381,2022-04-22T15:25:21.316Z,2022-04-22T15:42:40.501Z,1039.185
55.7658333,12.4891667,2022-04-22T15:54:17.114Z,2022-04-22T16:00:58.478Z,401.364
55.7723766,12.474596,2022-04-22T16:07:04.846Z,2022-04-22T23:45:36.396Z,27511.55
55.782994,12.523918,2022-04-23T00:28:50.361Z,2022-04-23T06:02:46.201Z,20035.84
55.7855742,12.521381,2022-04-23T06:13:33.961Z,2022-04-23T10:35:19.060Z,15705.099
55.782994,12.523918,2022-04-23T10:46:45.736Z,2022-04-23T10:52:28.411Z,342.675
55.7855742,12.521381,2022-04-23T10:59:59.087Z,2022-04-23T15:20:28.343Z,15629.256
55.782994,12.523918,2022-04-23T15:30:03.908Z,2022-04-23T15:41:16.456Z,672.548
55.7855742,12.521381,2022-04-23T15:43:58.310Z,2022-04-24T01:53:18.526Z,36560.216
55.7881304,12.5323888,2022-04-24T01:58:20.971Z,2022-04-24T07:05:44.184Z,18443.213
55.782994,12.523918,2022-04-24T07:14:52.345Z,2022-04-24T12:30:40.932Z,18948.587
55.799931,12.4530549,2022-04-24T12:52:27.430Z,2022-04-24T15:38:05.118Z,9937.688
55.782994,12.523918,2022-04-24T15:51:54.692Z,2022-04-24T16:16:17.806Z,1463.114
55.799931,12.4530549,2022-04-24T16:31:24.017Z,2022-04-24T21:24:11.498Z,17567.481
55.782994,12.523918,2022-04-24T21:53:04.046Z,2022-04-25T08:44:17.406Z,39073.36
55.7855742,12.521381,2022-04-25T08:54:50.038Z,2022-04-25T10:09:51.194Z,4501.156
55.782994,12.523918,2022-04-25T10:19:02.200Z,2022-04-25T10:46:16.709Z,1634.509
55.7855742,12.521381,2022-04-25T10:55:52Z,2022-04-25T14:58:03.233Z,14531.233
55.782994,12.523918,2022-04-25T15:07:37.267Z,2022-04-26T07:45:43.720Z,59886.453
55.7855742,12.521381,2022-04-26T07:52:05.606Z,2022-04-26T08:02:32.282Z,626.676
55.782994,12.523918,2022-04-26T08:12:09.920Z,2022-04-26T09:59:13.129Z,6423.209
55.7855742,12.521381,2022-04-26T10:02:50.685Z,2022-04-26T10:41:22.489Z,2311.804
55.7855742,12.521381,2022-04-26T10:51:23.625Z,2022-04-26T14:14:34.135Z,12190.51
55.782994,12.523918,2022-04-26T14:21:47.840Z,2022-04-26T14:57:38.349Z,2150.509
55.7855742,12.521381,2022-04-26T14:57:38.349Z,2022-04-26T19:27:22.205Z,16183.856
55.782994,12.523918,2022-04-26T19:32:38.565Z,2022-04-27T08:37:15.609Z,47077.044
55.782994,12.523918,2022-04-27T08:50:57.552Z,2022-04-27T10:35:04.579Z,6247.027
55.7855742,12.521381,2022-04-27T10:39:02.367Z,2022-04-27T13:06:17.293Z,8834.926
55.782994,12.523918,2022-04-27T13:18:32.550Z,2022-04-27T15:16:20.688Z,7068.138
55.7855742,12.521381,2022-04-27T15:27:39.614Z,2022-04-27T18:37:18.460Z,11378.846
55.782994,12.523918,2022-04-27T18:46:54.116Z,2022-04-27T19:56:58.959Z,4204.843
55.7855742,12.521381,2022-04-27T20:03:58.948Z,2022-04-27T21:04:58.026Z,3659.078
55.782994,12.523918,2022-04-27T21:10:04.427Z,2022-04-28T06:30:41.587Z,33637.16
55.7855742,12.521381,2022-04-28T06:36:34.093Z,2022-04-28T06:59:01.748Z,1347.655
55.7681776,12.5028807,2022-04-28T07:12:21.924Z,2022-04-28T07:15:15.306Z,173.382
55.6749498,12.55961,2022-04-28T07:38:21.754Z,2022-04-28T09:57:50.767Z,8369.013
55.673165,12.56048,2022-04-28T09:59:52.682Z,2022-04-28T10:19:56.128Z,1203.446
55.6749498,12.55961,2022-04-28T10:24:04.700Z,2022-04-28T13:12:06.943Z,10082.243
55.6843285,12.573311,2022-04-28T13:20:16.987Z,2022-04-28T13:25:20.140Z,303.153
55.7855742,12.521381,2022-04-28T14:14:23.584Z,2022-04-28T18:52:02.522Z,16658.938
55.782994,12.523918,2022-04-28T18:56:34.188Z,2022-04-29T10:00:56.780Z,54262.592
55.7855742,12.521381,2022-04-29T10:03:28.592Z,2022-04-29T10:33:14.696Z,1786.104
55.7855742,12.521381,2022-04-29T12:18:13.193Z,2022-04-29T12:49:49.372Z,1896.179
55.782994,12.523918,2022-04-29T13:02:13.647Z,2022-04-29T16:12:05.488Z,11391.841
55.7855742,12.521381,2022-04-29T16:19:07.299Z,2022-04-29T19:23:12.382Z,11045.083
55.782994,12.523918,2022-04-29T19:29:37.858Z,2022-04-29T19:46:50.325Z,1032.467
55.7855742,12.521381,2022-04-29T19:52:35.891Z,2022-04-30T00:18:21.664Z,15945.773
55.7855742,12.521381,2022-04-30T00:38:29.017Z,2022-04-30T02:29:17.898Z,6648.881
55.782994,12.523918,2022-04-30T02:36:21.717Z,2022-04-30T12:27:21.165Z,35459.448
55.7993484,12.453431,2022-04-30T12:51:15.004Z,2022-04-30T21:57:05.796Z,32750.792
55.782994,12.523918,2022-04-30T22:18:41.538Z,2022-05-01T16:06:09.842Z,64048.304
55.77567,12.5206401,2022-05-01T16:16:18.044Z,2022-05-01T16:23:26.601Z,428.557
55.782994,12.523918,2022-05-01T16:35:37.356Z,2022-05-02T07:34:41.933Z,53944.577
55.7855742,12.521381,2022-05-02T07:41:20.460Z,2022-05-02T09:03:00.161Z,4899.701
55.782994,12.523918,2022-05-02T09:07:29.288Z,2022-05-02T12:20:07.324Z,11558.036
55.782994,12.523918,2022-05-02T12:52:54.361Z,2022-05-02T17:01:00.711Z,14886.35
55.7855742,12.521381,2022-05-02T17:04:33.398Z,2022-05-02T17:12:48.895Z,495.497
55.782994,12.523918,2022-05-02T17:17:51.789Z,2022-05-03T09:59:10.867Z,60079.078
55.7855742,12.521381,2022-05-03T10:18:56.472Z,2022-05-03T13:42:45.852Z,12229.38
55.782994,12.523918,2022-05-03T13:52:48.117Z,2022-05-03T15:00:40.468Z,4072.351
55.7855742,12.521381,2022-05-03T15:05:43.985Z,2022-05-03T20:06:41.069Z,18057.084
55.782994,12.523918,2022-05-03T20:11:42.082Z,2022-05-04T09:44:39.687Z,48777.605
55.7855742,12.521381,2022-05-04T09:50:57.952Z,2022-05-04T10:27:05.772Z,2167.82
55.782994,12.523918,2022-05-04T10:40:53.377Z,2022-05-04T13:36:54.868Z,10561.491
55.782994,12.523918,2022-05-04T13:57:00.454Z,2022-05-04T14:39:51.370Z,2570.916
55.7855742,12.521381,2022-05-04T14:44:56.813Z,2022-05-04T20:49:54.402Z,21897.589
55.782994,12.523918,2022-05-04T21:00:19.993Z,2022-05-05T05:50:46.056Z,31826.063
55.7838509,12.5184646,2022-05-05T06:00:48.203Z,2022-05-05T09:13:04.770Z,11536.567
55.782994,12.523918,2022-05-05T09:18:06.599Z,2022-05-05T09:49:07.476Z,1860.877
55.7855742,12.521381,2022-05-05T09:51:08.563Z,2022-05-05T13:07:58.112Z,11809.549
55.7993484,12.453431,2022-05-05T13:30:43.877Z,2022-05-05T18:12:08.505Z,16884.628
55.782994,12.523918,2022-05-05T18:33:05.236Z,2022-05-05T18:46:41.880Z,816.644
55.7855742,12.521381,2022-05-05T18:52:18.401Z,2022-05-06T02:23:39.090Z,27080.689
55.782994,12.523918,2022-05-06T02:33:44.243Z,2022-05-06T05:42:33.932Z,11329.689
55.7855742,12.521381,2022-05-06T05:50:39.448Z,2022-05-06T06:45:12.233Z,3272.785
55.782994,12.523918,2022-05-06T06:53:24.568Z,2022-05-06T09:53:33.307Z,10808.739
55.7855742,12.521381,2022-05-06T10:11:56.678Z,2022-05-06T15:29:42.794Z,19066.116
55.7855742,12.521381,2022-05-06T15:47:37.723Z,2022-05-06T18:55:58.627Z,11300.904
55.782994,12.523918,2022-05-06T19:05:09.869Z,2022-05-07T07:27:18.732Z,44528.863
55.7855742,12.521381,2022-05-07T07:37:29.073Z,2022-05-07T08:45:17.566Z,4068.493
55.782994,12.523918,2022-05-07T08:50:22.207Z,2022-05-07T11:53:03.746Z,10961.539
55.7855742,12.521381,2022-05-07T11:58:09.878Z,2022-05-07T14:01:30.242Z,7400.364
55.782994,12.523918,2022-05-07T14:06:34.279Z,2022-05-08T10:17:29.435Z,72655.156
55.7855742,12.521381,2022-05-08T10:22:36.343Z,2022-05-08T12:45:34.158Z,8577.815
55.782994,12.523918,2022-05-08T12:50:56.318Z,2022-05-08T13:39:50.137Z,2933.819
55.799931,12.4530549,2022-05-08T13:59:51.767Z,2022-05-08T16:15:46.264Z,8154.497
55.782994,12.523918,2022-05-08T16:36:42.611Z,2022-05-08T17:59:07.390Z,4944.779
55.782994,12.523918,2022-05-08T18:19:01.334Z,2022-05-08T21:46:21.308Z,12439.974
55.782994,12.523918,2022-05-08T21:59:26.220Z,2022-05-09T06:47:49Z,31702.78
55.7681776,12.5028807,2022-05-09T07:01:58.313Z,2022-05-09T07:06:12.568Z,254.255
55.7114854,12.5889063,2022-05-09T07:30:11.641Z,2022-05-09T08:08:48.272Z,2316.631
55.7709265,12.506084,2022-05-09T08:41:57.538Z,2022-05-09T09:03:41.362Z,1303.824
55.782994,12.523918,2022-05-09T09:16:00.842Z,2022-05-09T10:11:50.334Z,3349.492
55.7855742,12.521381,2022-05-09T10:15:52.438Z,2022-05-09T11:55:20.377Z,5967.939
55.782994,12.523918,2022-05-09T11:59:31.814Z,2022-05-09T15:36:46.093Z,13034.279
55.782994,12.523918,2022-05-09T15:49:33.531Z,2022-05-09T19:04:46.695Z,11713.164
55.7855742,12.521381,2022-05-09T19:10:49.859Z,2022-05-09T22:01:48.875Z,10259.016
55.782994,12.523918,2022-05-09T22:18:32.587Z,2022-05-10T06:44:54.908Z,30382.321
55.7855742,12.521381,2022-05-10T06:48:34.594Z,2022-05-10T10:25:09.970Z,12995.376
55.782994,12.523918,2022-05-10T10:30:00.654Z,2022-05-10T11:03:58.799Z,2038.145
55.7855742,12.521381,2022-05-10T11:10:01.970Z,2022-05-10T12:17:17.183Z,4035.213
55.782994,12.523918,2022-05-10T12:21:38.418Z,2022-05-10T17:35:27.953Z,18829.535
55.7855742,12.521381,2022-05-10T17:38:55.949Z,2022-05-10T18:52:55.667Z,4439.718
55.782994,12.523918,2022-05-10T18:55:36.600Z,2022-05-10T20:24:33.469Z,5336.869
55.782994,12.523918,2022-05-10T21:03:12.648Z,2022-05-11T11:48:42.307Z,53129.659
55.782994,12.523918,2022-05-11T12:52:41.203Z,2022-05-12T07:09:24.941Z,65803.738
55.7855742,12.521381,2022-05-12T07:13:27.087Z,2022-05-12T16:47:18.111Z,34431.024
55.782994,12.523918,2022-05-12T16:57:18.905Z,2022-05-12T19:42:24.988Z,9906.083
55.7855742,12.521381,2022-05-12T19:46:57.650Z,2022-05-12T22:50:18.656Z,11001.006
55.782994,12.523918,2022-05-12T23:13:35.328Z,2022-05-13T08:42:13.810Z,34118.482
55.7855742,12.521381,2022-05-13T08:46:15.950Z,2022-05-13T09:26:11.809Z,2395.859
55.782994,12.523918,2022-05-13T09:29:32.361Z,2022-05-13T11:58:41.106Z,8948.745
55.7855742,12.521381,2022-05-13T12:04:51.933Z,2022-05-13T14:17:39.849Z,7967.916
55.782994,12.523918,2022-05-13T14:21:42.003Z,2022-05-13T18:41:05.837Z,15563.834
55.7855742,12.521381,2022-05-13T18:45:07.928Z,2022-05-13T22:21:55.854Z,13007.926
55.782994,12.523918,2022-05-13T22:37:08.121Z,2022-05-14T10:10:25.573Z,41597.452
55.782994,12.523918,2022-05-14T10:38:18.237Z,2022-05-14T12:12:59.174Z,5680.937
55.7993484,12.453431,2022-05-14T12:33:08.882Z,2022-05-14T18:10:58.214Z,20269.332
55.782994,12.523918,2022-05-14T18:27:18.155Z,2022-05-15T06:22:13.247Z,42895.092
55.7855742,12.521381,2022-05-15T06:26:20.599Z,2022-05-15T06:40:38.605Z,858.006
55.782994,12.523918,2022-05-15T06:44:41.566Z,2022-05-15T19:50:27.133Z,47145.567
55.782994,12.523918,2022-05-15T20:08:18.101Z,2022-05-16T06:19:24.932Z,36666.831
55.7855742,12.521381,2022-05-16T06:27:32.179Z,2022-05-16T11:23:18.408Z,17746.229
55.782994,12.523918,2022-05-16T11:29:21.595Z,2022-05-16T11:42:37.938Z,796.343
55.771057,12.504943,2022-05-16T11:50:01.290Z,2022-05-16T12:06:25.362Z,984.072
55.77567,12.5206401,2022-05-16T12:12:28.510Z,2022-05-16T12:24:24.587Z,716.077
55.782994,12.523918,2022-05-16T12:28:26.710Z,2022-05-16T14:24:43.664Z,6976.954
55.7855742,12.521381,2022-05-16T14:30:49.532Z,2022-05-16T16:59:44.231Z,8934.699
55.782994,12.523918,2022-05-16T17:03:50.716Z,2022-05-16T17:55:42.819Z,3112.103
55.7855742,12.521381,2022-05-16T17:55:42.819Z,2022-05-16T21:03:52.646Z,11289.827
55.782994,12.523918,2022-05-16T21:18:19.458Z,2022-05-17T06:23:12.865Z,32693.407
55.7855742,12.521381,2022-05-17T06:27:21.664Z,2022-05-17T11:39:36.664Z,18735.0
55.782994,12.523918,2022-05-17T11:45:00.409Z,2022-05-17T17:18:27.605Z,20007.196
55.799931,12.4530549,2022-05-17T17:33:11.178Z,2022-05-17T19:54:46.265Z,8495.087
55.782994,12.523918,2022-05-17T20:09:56.640Z,2022-05-18T08:39:47.533Z,44990.893
55.7855742,12.521381,2022-05-18T08:44:06.200Z,2022-05-18T10:00:00.037Z,4553.837
55.782994,12.523918,2022-05-18T10:04:38.253Z,2022-05-18T15:49:34.393Z,20696.14
55.7855742,12.521381,2022-05-18T15:54:37.250Z,2022-05-18T17:41:29.846Z,6412.596
55.782994,12.523918,2022-05-18T17:46:28.678Z,2022-05-19T06:53:10.770Z,47202.092
55.7855742,12.521381,2022-05-19T06:56:51.688Z,2022-05-19T14:46:11.426Z,28159.738
55.782994,12.523918,2022-05-19T14:46:11.426Z,2022-05-19T16:39:14Z,6782.574
55.7855742,12.521381,2022-05-19T16:42:56.993Z,2022-05-19T17:05:39.499Z,1362.506
55.782994,12.523918,2022-05-19T17:11:43.635Z,2022-05-19T18:40:11.584Z,5307.949
55.7855742,12.521381,2022-05-19T18:45:03.230Z,2022-05-19T18:52:42.111Z,458.881
55.782994,12.523918,2022-05-19T18:59:15.346Z,2022-05-19T21:30:19.538Z,9064.192
55.782994,12.523918,2022-05-19T22:04:27.628Z,2022-05-20T12:08:21.391Z,50633.763
55.782994,12.523918,2022-05-20T12:26:07.423Z,2022-05-20T19:27:40.637Z,25293.214
55.782994,12.523918,2022-05-20T19:41:36.344Z,2022-05-21T07:50:29.893Z,43733.549
55.7855742,12.521381,2022-05-21T07:55:39.124Z,2022-05-21T23:12:56.572Z,55037.448
55.782994,12.523918,2022-05-21T23:17:57.596Z,2022-05-22T18:47:01.496Z,70143.9
55.782994,12.523918,2022-05-22T19:27:39.953Z,2022-05-23T11:24:31.534Z,57411.581
55.782994,12.523918,2022-05-23T11:42:18.056Z,2022-05-23T14:48:04.677Z,11146.621
55.782994,12.523918,2022-05-23T15:20:51.450Z,2022-05-24T05:52:29.090Z,52297.64
55.782994,12.523918,2022-05-24T06:13:26.325Z,2022-05-24T11:58:27.007Z,20700.682
55.7855742,12.521381,2022-05-24T12:03:03.777Z,2022-05-25T00:07:17.766Z,43453.989
55.782994,12.523918,2022-05-25T00:25:46.433Z,2022-05-25T11:12:11.971Z,38785.538
55.7855742,12.521381,2022-05-25T11:17:09.735Z,2022-05-25T11:43:29.714Z,1579.979
55.7855742,12.521381,2022-05-25T12:16:51.904Z,2022-05-25T12:50:27.779Z,2015.875
55.782994,12.523918,2022-05-25T13:07:16.768Z,2022-05-25T18:27:36.013Z,19219.245
55.7855742,12.521381,2022-05-25T18:37:39.075Z,2022-05-26T00:16:28.606Z,20329.531
55.782994,12.523918,2022-05-26T00:27:49.079Z,2022-05-27T15:47:48.267Z,141599.188
55.782994,12.523918,2022-05-27T16:02:13.353Z,2022-05-27T17:34:42.506Z,5549.153
55.775741,12.521402,2022-05-27T17:46:52.661Z,2022-05-27T17:51:58.452Z,305.791
55.782994,12.523918,2022-05-27T18:00:23.218Z,2022-05-28T10:41:36.331Z,60073.113
55.7993484,12.453431,2022-05-28T11:05:50.615Z,2022-05-29T00:23:58.977Z,47888.362
55.799931,12.4530549,2022-05-29T00:23:58.977Z,2022-05-29T18:23:41.377Z,64782.4
55.782994,12.523918,2022-05-29T18:41:37.337Z,2022-05-30T15:15:16Z,74018.663
55.782994,12.523918,2022-05-30T15:31:40.053Z,2022-05-30T21:29:44.654Z,21484.601
55.782994,12.523918,2022-05-30T22:04:00.536Z,2022-05-31T10:06:54.502Z,43373.966
55.782994,12.523918,2022-05-31T10:22:35.733Z,2022-05-31T11:14:04.631Z,3088.898
55.7716667,12.5080556,2022-05-31T11:38:02.039Z,2022-05-31T11:42:37.070Z,275.031
55.782994,12.523918,2022-05-31T11:54:37.122Z,2022-05-31T19:51:14.565Z,28597.443
55.7855742,12.521381,2022-05-31T19:55:25.125Z,2022-05-31T20:01:59.699Z,394.574
55.782994,12.523918,2022-05-31T20:05:25.454Z,2022-06-01T09:16:12.170Z,47446.716
55.782994,12.523918,2022-06-01T09:32:47.986Z,2022-06-01T16:06:23.148Z,23615.162
55.7681776,12.5028807,2022-06-01T16:34:49.765Z,2022-06-01T16:39:22.054Z,272.289
55.7076024,12.5969769,2022-06-01T17:05:53.364Z,2022-06-01T20:33:12.346Z,12438.982
55.7053312,12.5908885,2022-06-01T20:40:19.758Z,2022-06-01T20:47:00.907Z,401.149
55.7681776,12.5028807,2022-06-01T21:03:52.880Z,2022-06-01T21:09:01.888Z,309.008
55.782994,12.523918,2022-06-01T21:20:45.600Z,2022-06-02T16:16:18.597Z,68132.997
55.782994,12.523918,2022-06-02T16:40:48.730Z,2022-06-02T17:01:17Z,1228.27
55.6788926,12.4563453,2022-06-02T17:18:13.874Z,2022-06-02T17:24:13.452Z,359.578
55.782994,12.523918,2022-06-02T17:41:44.413Z,2022-06-03T07:47:30.260Z,50745.847
55.7855742,12.521381,2022-06-03T07:51:23.232Z,2022-06-03T10:01:36.595Z,7813.363
55.782994,12.523918,2022-06-03T10:01:36.595Z,2022-06-03T13:11:00.383Z,11363.788
55.7855742,12.521381,2022-06-03T13:29:02.545Z,2022-06-03T19:09:45.896Z,20443.351
55.7855742,12.521381,2022-06-03T19:23:40.249Z,2022-06-03T23:16:59.420Z,13999.171
55.782994,12.523918,2022-06-03T23:16:59.420Z,2022-06-04T09:38:27.187Z,37287.767
55.799931,12.4530549,2022-06-04T09:59:58.610Z,2022-06-04T13:22:01.889Z,12123.279
55.782994,12.523918,2022-06-04T13:40:20.331Z,2022-06-04T14:10:48.835Z,1828.504
55.7881304,12.5323888,2022-06-04T14:20:54.196Z,2022-06-04T15:30:22.694Z,4168.498
55.782994,12.523918,2022-06-04T15:38:41.587Z,2022-06-04T16:57:31.679Z,4730.092
55.7855742,12.521381,2022-06-04T17:03:45.111Z,2022-06-05T00:52:35.430Z,28130.319
55.782994,12.523918,2022-06-05T00:56:49.365Z,2022-06-06T12:29:43Z,127973.635
55.7993484,12.453431,2022-06-06T12:49:33.102Z,2022-06-06T20:55:39.649Z,29166.547
55.782994,12.523918,2022-06-06T21:16:17.293Z,2022-06-07T13:27:02.306Z,58245.013
55.782994,12.523918,2022-06-07T13:48:28.920Z,2022-06-07T19:49:24.070Z,21655.15
55.782994,12.523918,2022-06-07T20:05:56.572Z,2022-06-08T07:40:37.693Z,41681.121
55.7855742,12.521381,2022-06-08T07:45:17.685Z,2022-06-08T12:44:19.253Z,17941.568
55.782994,12.523918,2022-06-08T12:51:07.076Z,2022-06-08T14:10:14.486Z,4747.41
55.7723766,12.474596,2022-06-08T14:56:53Z,2022-06-08T17:28:03.967Z,9070.967
55.7658333,12.4891667,2022-06-08T17:30:05.066Z,2022-06-08T17:41:00.303Z,655.237
55.7731632,12.4738227,2022-06-08T17:45:09.803Z,2022-06-08T22:25:07.285Z,16797.482
55.782994,12.523918,2022-06-08T22:47:30.201Z,2022-06-09T10:09:49.488Z,40939.287
55.7855742,12.521381,2022-06-09T10:13:34.916Z,2022-06-09T10:54:28.686Z,2453.77
55.782994,12.523918,2022-06-09T10:58:15.599Z,2022-06-09T14:32:20.616Z,12845.017
55.7312255,12.44334,2022-06-09T15:20:58.449Z,2022-06-09T16:08:18.182Z,2839.733
55.7711111,12.5075,2022-06-09T16:35:55.466Z,2022-06-09T16:49:16.526Z,801.06
55.782994,12.523918,2022-06-09T17:02:57.791Z,2022-06-10T12:29:38.502Z,70000.711
55.7855742,12.521381,2022-06-10T12:29:38.502Z,2022-06-10T14:42:47.199Z,7988.697
55.6831278,12.5715128,2022-06-10T15:27:20.882Z,2022-06-10T15:41:02.847Z,821.965
55.6789822,12.5707147,2022-06-10T15:47:13.725Z,2022-06-10T17:55:00.288Z,7666.563
55.6843285,12.573311,2022-06-10T18:03:04.712Z,2022-06-10T18:15:51.787Z,767.075
55.782994,12.523918,2022-06-10T18:54:31.240Z,2022-06-10T19:19:09.604Z,1478.364
55.7855742,12.521381,2022-06-10T19:21:11.644Z,2022-06-11T00:50:58.867Z,19787.223
55.782994,12.523918,2022-06-11T00:56:06.503Z,2022-06-11T08:49:02Z,28375.497
55.782994,12.523918,2022-06-11T09:15:11.436Z,2022-06-11T12:31:23.620Z,11772.184
55.7855742,12.521381,2022-06-11T12:36:22.138Z,2022-06-11T19:56:49.486Z,26427.348
55.782994,12.523918,2022-06-11T20:02:08.857Z,2022-06-12T10:09:56Z,50867.143
55.782994,12.523918,2022-06-12T10:29:39.295Z,2022-06-12T19:01:42.009Z,30722.714
55.782994,12.523918,2022-06-12T19:28:08.182Z,2022-06-13T14:57:17.288Z,70149.106
55.7855742,12.521381,2022-06-13T15:04:41.194Z,2022-06-13T20:05:24.532Z,18043.338
55.782994,12.523918,2022-06-13T20:05:24.532Z,2022-06-14T08:04:55.434Z,43170.902
55.7855742,12.521381,2022-06-14T08:08:29.844Z,2022-06-14T12:50:57.116Z,16947.272
55.782994,12.523918,2022-06-14T12:55:16.832Z,2022-06-14T15:14:31.177Z,8354.345
55.7855742,12.521381,2022-06-14T15:16:32.242Z,2022-06-14T17:46:34.624Z,9002.382
55.782994,12.523918,2022-06-14T17:51:08.667Z,2022-06-15T09:23:00.728Z,55912.061
55.7855742,12.521381,2022-06-15T09:26:59.246Z,2022-06-15T11:04:04Z,5824.754
55.782994,12.523918,2022-06-15T11:07:14.421Z,2022-06-15T13:51:23.127Z,9848.706
55.782994,12.523918,2022-06-15T14:12:39.408Z,2022-06-15T15:02:53.938Z,3014.53
55.7855742,12.521381,2022-06-15T15:11:29.296Z,2022-06-15T19:40:11.952Z,16122.656
55.782994,12.523918,2022-06-15T19:47:34.543Z,2022-06-16T07:45:50.035Z,43095.492
55.7855742,12.521381,2022-06-16T07:50:42.966Z,2022-06-16T13:28:32.033Z,20269.067
55.782994,12.523918,2022-06-16T13:33:37.364Z,2022-06-16T14:58:40.067Z,5102.703
55.7855742,12.521381,2022-06-16T15:00:44.236Z,2022-06-16T20:45:59.909Z,20715.673
55.782994,12.523918,2022-06-16T20:50:22.435Z,2022-06-17T11:11:11.521Z,51649.086
55.782994,12.523918,2022-06-17T11:29:44.858Z,2022-06-17T13:54:04.810Z,8659.952
55.7855742,12.521381,2022-06-17T13:54:04.810Z,2022-06-17T14:36:16.348Z,2531.538
55.782994,12.523918,2022-06-17T14:40:40.595Z,2022-06-17T17:24:09Z,9808.405
55.7855742,12.521381,2022-06-17T17:24:09Z,2022-06-18T07:34:11.749Z,51002.749
55.782994,12.523918,2022-06-18T07:34:11.749Z,2022-06-18T13:00:26.329Z,19574.58
55.799931,12.4530549,2022-06-18T13:21:53.989Z,2022-06-19T09:00:00.375Z,70686.386
55.782994,12.523918,2022-06-19T09:23:09.457Z,2022-06-20T06:48:36.006Z,77126.549
55.7855742,12.521381,2022-06-20T06:56:20.908Z,2022-06-20T12:02:06.464Z,18345.556
55.782994,12.523918,2022-06-20T12:08:25.429Z,2022-06-20T13:08:57.520Z,3632.091
55.7855742,12.521381,2022-06-20T13:16:40.880Z,2022-06-20T13:28:59.819Z,738.939
55.7993484,12.453431,2022-06-20T13:59:34.184Z,2022-06-20T18:21:27.296Z,15713.112
55.782994,12.523918,2022-06-20T18:35:12.310Z,2022-06-21T07:56:48.458Z,48096.148
55.7855742,12.521381,2022-06-21T08:01:07.199Z,2022-06-21T10:08:46.594Z,7659.395
55.782994,12.523918,2022-06-21T11:51:52.185Z,2022-06-21T13:31:32.453Z,5980.268
55.7993484,12.453431,2022-06-21T13:55:12.468Z,2022-06-21T18:15:28.623Z,15616.155
55.7855742,12.521381,2022-06-21T18:36:00.845Z,2022-06-21T23:09:04.647Z,16383.802
55.782994,12.523918,2022-06-21T23:13:06.817Z,2022-06-22T06:19:51.846Z,25605.029
55.7855742,12.521381,2022-06-22T06:27:57.523Z,2022-06-22T09:00:36.586Z,9159.063
55.782994,12.523918,2022-06-22T09:07:03.554Z,2022-06-22T20:27:37.142Z,40833.588
55.782994,12.523918,2022-06-22T21:10:01.456Z,2022-06-23T11:41:37.840Z,52296.384
55.7855742,12.521381,2022-06-23T11:58:34.208Z,2022-06-23T15:03:29.987Z,11095.779
55.782994,12.523918,2022-06-23T15:08:28.590Z,2022-06-23T15:17:34.417Z,545.827
55.7855742,12.521381,2022-06-23T15:25:42.578Z,2022-06-23T22:21:55.353Z,24972.775
55.782994,12.523918,2022-06-23T22:21:55.353Z,2022-06-24T20:23:31.134Z,79295.781
55.799931,12.4530549,2022-06-24T20:47:27.515Z,2022-06-24T21:21:44.892Z,2057.377
55.782994,12.523918,2022-06-24T21:42:52.528Z,2022-06-26T02:11:03.813Z,102491.285
55.6123217,12.6472251,2022-06-26T02:48:29.115Z,2022-06-26T05:26:39Z,9489.885
51.8860181,0.2388661,2022-06-26T07:19:41.845Z,2022-06-26T11:53:47.917Z,16446.072
28.950438,-13.6057769,2022-06-26T16:38:53.338Z,2022-06-26T17:13:22Z,2068.662
29.1178271,-13.5648642,2022-06-26T17:41:44.827Z,2022-06-26T19:29:14.853Z,6450.026
29.1198877,-13.5650005,2022-06-26T19:29:14.853Z,2022-06-27T10:47:49Z,55114.147
28.950438,-13.6057769,2022-06-27T11:19:14.343Z,2022-06-27T11:26:21.570Z,427.227
29.11847,-13.56497,2022-06-27T12:07:15Z,2022-06-27T13:44:20.012Z,5825.012
29.1198877,-13.5650005,2022-06-27T13:44:20.012Z,2022-06-27T21:04:44.156Z,26424.144
29.118063,-13.56397,2022-06-27T21:04:44.156Z,2022-06-28T08:34:51.249Z,41407.093
29.1178271,-13.5648642,2022-06-28T08:36:02Z,2022-06-28T09:03:37.435Z,1655.435
29.1198877,-13.5650005,2022-06-28T09:10:33.915Z,2022-06-28T11:33:47Z,8593.085
28.9585484,-13.5566403,2022-06-28T12:17:16.926Z,2022-06-28T12:26:09.155Z,532.229
28.9616288,-13.5455076,2022-06-28T12:38:27.120Z,2022-06-28T13:50:18.030Z,4310.91
28.9564138,-13.5475511,2022-06-28T13:51:50.532Z,2022-06-28T14:25:12.980Z,2002.448
29.1198877,-13.5650005,2022-06-28T15:15:12Z,2022-06-29T15:23:13.606Z,86881.606
29.1198877,-13.5650005,2022-06-29T16:02:21.813Z,2022-06-29T17:27:18.330Z,5096.517
29.1195354,-13.5666277,2022-06-29T17:29:25.302Z,2022-06-29T18:32:35.103Z,3789.801
29.1198877,-13.5650005,2022-06-29T18:34:15.737Z,2022-06-30T08:20:17.972Z,49562.235
29.1198877,-13.5650005,2022-06-30T12:45:13.093Z,2022-06-30T15:59:06Z,11632.907
28.950438,-13.6057769,2022-06-30T16:25:22.997Z,2022-06-30T16:45:47Z,1224.003
29.1178271,-13.5648642,2022-06-30T17:13:30.546Z,2022-06-30T19:59:33.147Z,9962.601
29.1198877,-13.5650005,2022-06-30T20:00:44.651Z,2022-07-01T11:58:48Z,57483.349
28.9936336,-13.4878715,2022-07-01T12:25:36Z,2022-07-01T13:57:01.251Z,5485.251
28.950438,-13.6057769,2022-07-01T14:56:06Z,2022-07-01T15:09:23Z,797.0
28.9167996,-13.7045151,2022-07-01T15:41:10.858Z,2022-07-01T17:30:42.212Z,6571.354
28.9209587,-13.6713575,2022-07-01T17:56:50.174Z,2022-07-01T20:03:21.183Z,7591.009
29.1198877,-13.5650005,2022-07-01T20:45:02Z,2022-07-02T08:15:01Z,41399.0
29.2230472,-13.4525032,2022-07-02T08:54:28Z,2022-07-02T09:32:33.847Z,2285.847
29.2203084,-13.536786,2022-07-02T13:59:10.514Z,2022-07-02T14:16:36.553Z,1046.039
29.229483,-13.501792,2022-07-02T15:03:59.603Z,2022-07-02T16:04:08.817Z,3609.214
29.2235675,-13.4523605,2022-07-02T16:04:08.817Z,2022-07-02T16:16:08Z,719.183
29.1198877,-13.5650005,2022-07-02T16:56:56Z,2022-07-03T08:26:07.755Z,55751.755
29.1178271,-13.5648642,2022-07-03T08:26:07.755Z,2022-07-03T09:11:10.040Z,2702.285
29.0592455,-13.5598591,2022-07-03T09:32:44.386Z,2022-07-03T12:10:39.011Z,9474.625
29.0567106,-13.56494,2022-07-03T12:17:46.667Z,2022-07-03T12:23:14Z,327.333
28.9716667,-13.5622222,2022-07-03T12:42:13.216Z,2022-07-03T13:07:52.331Z,1539.115
29.1182114,-13.5640167,2022-07-03T13:33:44Z,2022-07-03T16:41:31.555Z,11267.555
29.1178271,-13.5648642,2022-07-03T17:03:58.934Z,2022-07-04T09:29:36.936Z,59138.002
29.1198877,-13.5650005,2022-07-04T09:29:36.936Z,2022-07-04T10:45:44Z,4567.064
29.03363,-13.70374,2022-07-04T11:06:27Z,2022-07-04T11:41:27Z,2100.0
29.1198877,-13.5650005,2022-07-04T15:20:54.723Z,2022-07-05T09:08:01.043Z,64026.32
28.950438,-13.6057769,2022-07-05T09:41:52.585Z,2022-07-05T11:41:19.845Z,7167.26
51.8860181,0.2388661,2022-07-05T11:41:19.845Z,2022-07-05T18:06:51.875Z,23132.03
55.6123217,12.6472251,2022-07-05T19:59:03.810Z,2022-07-05T20:15:38.335Z,994.525
55.6284994,12.5790195,2022-07-05T21:39:00.751Z,2022-07-05T21:43:09.580Z,248.829
55.6843285,12.573311,2022-07-05T21:57:12.430Z,2022-07-05T22:35:20.336Z,2287.906
55.7855742,12.521381,2022-07-05T23:07:43.551Z,2022-07-05T23:33:03.335Z,1519.784
55.782994,12.523918,2022-07-05T23:33:03.335Z,2022-07-06T08:38:26Z,32722.665
55.7630556,12.4775,2022-07-06T08:51:43.746Z,2022-07-06T08:57:30.577Z,346.831
55.2003474,11.5923325,2022-07-06T10:13:02.989Z,2022-07-11T14:16:24.200Z,446601.211
55.1904013,11.5958772,2022-07-11T14:34:36.608Z,2022-07-11T15:14:51.168Z,2414.56
55.2003474,11.5923325,2022-07-11T15:40:00.647Z,2022-07-12T15:12:39Z,84758.353
55.4072653,11.3488765,2022-07-12T15:47:52Z,2022-07-12T16:01:52.116Z,840.116
55.6727679,12.5648118,2022-07-12T16:55:00Z,2022-07-12T17:04:58.417Z,598.417
55.799931,12.4530549,2022-07-12T17:40:17.501Z,2022-07-12T20:34:59.588Z,10482.087
55.782994,12.523918,2022-07-12T20:50:22.592Z,2022-07-13T09:40:12.410Z,46189.818
55.768883,12.503911,2022-07-13T09:49:35Z,2022-07-13T10:22:10.005Z,1955.005
55.771057,12.504943,2022-07-13T10:26:18.419Z,2022-07-13T11:16:56.532Z,3038.113
55.770384,12.504855,2022-07-13T11:20:58.645Z,2022-07-13T12:21:38.644Z,3639.999
55.771057,12.504943,2022-07-13T12:25:42.472Z,2022-07-13T12:57:33.890Z,1911.418
55.782994,12.523918,2022-07-13T13:05:38.029Z,2022-07-14T10:20:04.842Z,76466.813
55.799931,12.4530549,2022-07-14T10:42:03.675Z,2022-07-14T14:24:50.756Z,13367.081
55.782994,12.523918,2022-07-14T14:44:40.912Z,2022-07-14T15:09:39.454Z,1498.542
55.782994,12.523918,2022-07-14T15:26:46.228Z,2022-07-14T19:55:33.696Z,16127.468
55.782994,12.523918,2022-07-14T20:21:29.754Z,2022-07-14T21:05:02.129Z,2612.375
55.782994,12.523918,2022-07-14T21:41:17.320Z,2022-07-15T08:50:16.742Z,40139.422
55.782994,12.523918,2022-07-15T09:24:43.019Z,2022-07-15T13:10:49.756Z,13566.737
55.6816373,12.5326636,2022-07-15T14:03:17.930Z,2022-07-15T21:01:58.874Z,25120.944
55.7855742,12.521381,2022-07-15T21:30:56.985Z,2022-07-16T05:56:01.742Z,30304.757
55.782994,12.523918,2022-07-16T05:56:01.742Z,2022-07-16T09:08:52.367Z,11570.625
55.782994,12.523918,2022-07-16T09:32:24.350Z,2022-07-16T11:30:33.520Z,7089.17
55.3500409,11.1088245,2022-07-16T12:50:15.674Z,2022-07-16T13:21:39.036Z,1883.362
56.0146975,8.9964659,2022-07-16T15:10:07.486Z,2022-07-16T15:42:49.237Z,1961.751
56.216913,8.522773,2022-07-16T16:17:33Z,2022-07-17T11:37:59.302Z,69626.302
56.1998508,8.5650855,2022-07-17T11:42:01.683Z,2022-07-17T12:08:31Z,1589.317
56.216913,8.522773,2022-07-17T12:14:19.858Z,2022-07-20T08:34:32Z,246012.142
56.2030015,8.128178,2022-07-20T09:13:26.826Z,2022-07-20T11:16:50Z,7403.174
56.216913,8.522773,2022-07-20T12:03:58.496Z,2022-07-20T13:32:09.007Z,5290.511
56.216913,8.522773,2022-07-20T13:45:40.446Z,2022-07-22T15:04:45.879Z,177545.433
56.1998508,8.5650855,2022-07-22T15:11:03.595Z,2022-07-22T15:46:06.316Z,2102.721
56.216913,8.522773,2022-07-22T15:51:15.327Z,2022-07-23T07:54:24.764Z,57789.437
55.4003472,10.1545304,2022-07-23T09:55:11Z,2022-07-23T10:16:33.630Z,1282.63
55.782994,12.523918,2022-07-23T11:49:33.412Z,2022-07-23T13:37:42.567Z,6489.155
55.782994,12.523918,2022-07-23T14:00:30.852Z,2022-07-23T20:22:29.248Z,22918.396
55.782994,12.523918,2022-07-23T20:46:36.218Z,2022-07-24T09:46:59.610Z,46823.392
55.782994,12.523918,2022-07-24T10:39:55.907Z,2022-07-24T12:11:56.795Z,5520.888
55.782994,12.523918,2022-07-24T13:03:31.047Z,2022-07-24T14:37:05.028Z,5613.981
55.6831278,12.5715128,2022-07-24T15:19:53Z,2022-07-24T15:22:58Z,185.0
55.6307806,12.5843613,2022-07-24T15:44:59.920Z,2022-07-25T01:54:45.430Z,36585.51
55.6843285,12.573311,2022-07-25T02:16:23.006Z,2022-07-25T02:38:38.919Z,1335.913
55.782994,12.523918,2022-07-25T03:07:20.785Z,2022-07-25T13:31:27.792Z,37447.007
55.799931,12.4530549,2022-07-25T13:53:33.928Z,2022-07-26T09:27:23.495Z,70429.567
55.782994,12.523918,2022-07-26T09:45:55.039Z,2022-07-26T19:38:51.321Z,35576.282
55.782994,12.523918,2022-07-26T20:35:22.371Z,2022-07-27T13:32:06.569Z,61004.198
55.782994,12.523918,2022-07-27T14:33:12.990Z,2022-07-28T08:02:39.730Z,62966.74
55.771057,12.504943,2022-07-28T08:10:45.456Z,2022-07-28T08:32:20.389Z,1294.933
55.782994,12.523918,2022-07-28T08:42:25.861Z,2022-07-28T12:54:30.510Z,15124.649
55.7976104,12.5143215,2022-07-28T13:22:19.890Z,2022-07-28T13:27:37.831Z,317.941
55.799931,12.4530549,2022-07-28T13:57:48.676Z,2022-07-29T12:08:52.481Z,79863.805
55.7993484,12.453431,2022-07-29T12:08:52.481Z,2022-07-30T00:21:35.865Z,43963.384
55.799931,12.4530549,2022-07-30T00:21:35.865Z,2022-08-01T05:38:45.977Z,191830.112
55.8025046,12.4685043,2022-08-01T05:50:24.016Z,2022-08-01T05:58:31Z,486.984
55.782994,12.523918,2022-08-01T06:17:26.852Z,2022-08-01T06:43:27.600Z,1560.748
55.7855742,12.521381,2022-08-01T06:52:50.738Z,2022-08-01T10:03:55.209Z,11464.471
55.782994,12.523918,2022-08-01T10:11:50.622Z,2022-08-01T11:54:59.791Z,6189.169
55.8076746,12.4688208,2022-08-01T12:20:37.679Z,2022-08-01T12:59:18.843Z,2321.164
55.7993484,12.453431,2022-08-01T13:07:26.682Z,2022-08-01T13:12:27Z,300.318
55.7993484,12.453431,2022-08-01T13:25:11.518Z,2022-08-01T19:27:05.256Z,21713.738
55.80765,12.46882,2022-08-01T19:44:10.239Z,2022-08-01T19:46:12.408Z,122.169
55.799931,12.4530549,2022-08-01T19:52:15.605Z,2022-08-02T05:45:23.031Z,35587.426
55.782994,12.523918,2022-08-02T06:25:37.493Z,2022-08-02T06:46:12.594Z,1235.101
55.7855742,12.521381,2022-08-02T06:53:27.988Z,2022-08-02T08:03:11.600Z,4183.612
55.782994,12.523918,2022-08-02T08:18:42.959Z,2022-08-02T12:37:09.554Z,15506.595
55.799931,12.4530549,2022-08-02T13:04:48.705Z,2022-08-02T13:58:10.734Z,3202.029
55.8076746,12.4688208,2022-08-02T14:06:01.813Z,2022-08-02T14:16:12.342Z,610.529
55.9284038,12.3110388,2022-08-02T14:39:27.733Z,2022-08-02T20:30:57.466Z,21089.733
55.9269233,12.3109284,2022-08-02T20:35:17Z,2022-08-02T20:40:50.275Z,333.275
55.782994,12.523918,2022-08-02T21:19:51.514Z,2022-08-03T10:05:58.411Z,45966.897
55.7855742,12.521381,2022-08-03T10:09:34.593Z,2022-08-03T10:46:43.905Z,2229.312
55.782994,12.523918,2022-08-03T10:50:07.548Z,2022-08-03T12:34:31.018Z,6263.47
55.7993484,12.453431,2022-08-03T12:54:48.646Z,2022-08-03T18:30:09.305Z,20120.659
55.782994,12.523918,2022-08-03T18:50:40.858Z,2022-08-04T11:02:37.590Z,58316.732
55.7855742,12.521381,2022-08-04T11:06:48.121Z,2022-08-04T13:40:28.461Z,9220.34
55.7787865,12.5923924,2022-08-04T14:03:36.940Z,2022-08-04T16:47:00.497Z,9803.557
55.7752207,12.5777714,2022-08-04T17:05:05.236Z,2022-08-04T17:13:21Z,495.764
55.782994,12.523918,2022-08-04T18:10:50.549Z,2022-08-04T19:51:50.096Z,6059.547
55.782994,12.523918,2022-08-04T20:02:59.782Z,2022-08-05T08:01:32.454Z,43112.672
55.7855742,12.521381,2022-08-05T08:11:35.726Z,2022-08-05T12:56:57.952Z,17122.226
55.782994,12.523918,2022-08-05T13:01:10.891Z,2022-08-05T13:11:01.154Z,590.263
55.775741,12.521402,2022-08-05T13:21:13.475Z,2022-08-05T13:37:48.810Z,995.335
55.782994,12.523918,2022-08-05T14:15:44.283Z,2022-08-05T14:28:52.359Z,788.076
55.7870466,12.523005,2022-08-05T14:38:54.529Z,2022-08-05T16:00:25.954Z,4891.425
55.782994,12.523918,2022-08-05T16:09:20.672Z,2022-08-05T17:34:55.412Z,5134.74
55.7855742,12.521381,2022-08-05T17:40:10.141Z,2022-08-05T21:24:26.227Z,13456.086
55.782994,12.523918,2022-08-05T21:37:20.590Z,2022-08-06T10:37:15.464Z,46794.874
55.7855742,12.521381,2022-08-06T10:41:01.674Z,2022-08-06T11:20:30.311Z,2368.637
55.782994,12.523918,2022-08-06T11:40:14.305Z,2022-08-07T07:29:24.570Z,71350.265
55.7869182,12.5283136,2022-08-07T07:36:17.875Z,2022-08-07T07:46:21.102Z,603.227
55.7151809,12.5592119,2022-08-07T08:00:34Z,2022-08-07T08:05:08.316Z,274.316
55.6723476,12.4918307,2022-08-07T08:16:30.440Z,2022-08-07T10:01:22.643Z,6292.203
55.7038344,12.5384872,2022-08-07T10:13:52Z,2022-08-07T11:41:24.547Z,5252.547
55.7957634,12.4733115,2022-08-07T12:10:08.370Z,2022-08-07T12:14:00.261Z,231.891
55.799931,12.4530549,2022-08-07T12:31:01.071Z,2022-08-07T14:21:31.341Z,6630.27
55.782994,12.523918,2022-08-07T14:33:55.436Z,2022-08-08T13:35:31.156Z,82895.72
55.7993484,12.453431,2022-08-08T14:00:05.660Z,2022-08-08T18:12:32.951Z,15147.291
55.782994,12.523918,2022-08-08T18:33:58.477Z,2022-08-08T19:35:39.087Z,3700.61
55.7835147,12.5242337,2022-11-29T21:23:27.217Z,2022-11-30T06:45:53.801Z,33746.584
55.7855742,12.521381,2022-11-30T06:54:07.673Z,2022-11-30T10:22:49.719Z,12522.046
55.7835147,12.5242337,2022-11-30T10:30:10.378Z,2022-11-30T11:45:30.888Z,4520.51
55.7855742,12.521381,2022-11-30T11:54:27.170Z,2022-11-30T13:52:44.385Z,7097.215
55.7835147,12.5242337,2022-11-30T13:57:20.118Z,2022-12-01T10:29:32.925Z,73932.807
55.7855742,12.521381,2022-12-01T10:35:40.800Z,2022-12-01T18:56:39.690Z,30058.89
55.7855742,12.521381,2022-12-01T19:16:02.563Z,2022-12-01T19:57:11.429Z,2468.866
55.7855742,12.521381,2022-12-01T20:23:40.248Z,2022-12-01T22:25:47.449Z,7327.201
55.7835147,12.5242337,2022-12-01T22:38:17.583Z,2022-12-02T11:24:52.954Z,45995.371
55.7855742,12.521381,2022-12-02T11:31:26.374Z,2022-12-02T13:57:56.522Z,8790.148
55.7835147,12.5242337,2022-12-02T14:06:01.710Z,2022-12-02T14:54:25.652Z,2903.942
55.799931,12.4530549,2022-12-02T15:15:55.663Z,2022-12-02T15:47:55.104Z,1919.441
56.144365,10.181111,2022-12-02T19:00:21.550Z,2022-12-03T20:58:21.692Z,93480.142
56.144365,10.181111,2022-12-03T21:16:36.092Z,2022-12-04T11:02:57.527Z,49581.435
56.1530335,10.192235,2022-12-04T11:14:24.480Z,2022-12-04T12:09:35.317Z,3310.837
56.188205,10.2362119,2022-12-04T12:34:10.504Z,2022-12-04T12:48:04.229Z,833.725
56.2088376,10.2430428,2022-12-04T12:57:20.801Z,2022-12-04T13:12:26.449Z,905.648
56.16012,10.209579,2022-12-04T13:27:49.348Z,2022-12-04T14:18:43.298Z,3053.95
56.144365,10.181111,2022-12-04T14:27:50.471Z,2022-12-04T15:35:51.221Z,4080.75
55.7835147,12.5242337,2022-12-04T18:38:18.938Z,2022-12-04T19:07:17.721Z,1738.783
55.7963799,12.5358109,2022-12-04T19:15:43.277Z,2022-12-05T12:45:27.849Z,62984.572
55.7855742,12.521381,2022-12-05T13:12:45.651Z,2022-12-05T17:04:08.155Z,13882.504
55.7835147,12.5242337,2022-12-05T17:13:33.662Z,2022-12-05T22:26:50.947Z,18797.285
55.7963799,12.5358109,2022-12-05T22:33:16.037Z,2022-12-06T06:55:37.983Z,30141.946
55.7855742,12.521381,2022-12-06T07:21:42.455Z,2022-12-06T08:36:00.020Z,4457.565
55.7835147,12.5242337,2022-12-06T08:46:04.146Z,2022-12-06T11:25:34.660Z,9570.514
55.7855742,12.521381,2022-12-06T11:29:46.560Z,2022-12-06T14:24:30.019Z,10483.459
55.7835147,12.5242337,2022-12-06T14:30:33.173Z,2022-12-06T15:42:48.116Z,4334.943
55.7855742,12.521381,2022-12-06T15:48:52.613Z,2022-12-06T17:35:15.539Z,6382.926
55.7835147,12.5242337,2022-12-06T17:41:18.783Z,2022-12-06T20:39:31.455Z,10692.672
55.7835147,12.5242337,2022-12-06T20:54:54.910Z,2022-12-07T10:33:50.956Z,49136.046
55.7855742,12.521381,2022-12-07T10:51:36.982Z,2022-12-07T13:25:09.542Z,9212.56
55.7835147,12.5242337,2022-12-07T13:33:21.404Z,2022-12-07T17:57:00.281Z,15818.877
55.7855742,12.521381,2022-12-07T18:04:50.777Z,2022-12-07T19:18:45.345Z,4434.568
55.7835147,12.5242337,2022-12-07T19:22:48.767Z,2022-12-07T22:39:53.349Z,11824.582
55.7963799,12.5358109,2022-12-07T23:04:32.762Z,2022-12-08T06:45:36.766Z,27664.004
55.7835147,12.5242337,2022-12-08T07:11:36.435Z,2022-12-08T18:28:27.392Z,40610.957
55.7835147,12.5242337,2022-12-08T18:39:42.116Z,2022-12-09T07:09:32.546Z,44990.43
55.7855742,12.521381,2022-12-09T07:15:50.826Z,2022-12-09T12:00:05.565Z,17054.739
55.7835147,12.5242337,2022-12-09T12:07:28.755Z,2022-12-09T19:46:12.275Z,27523.52
55.7963799,12.5358109,2022-12-09T20:06:31.040Z,2022-12-10T09:56:16.038Z,49784.998
55.7835147,12.5242337,2022-12-10T10:20:31.064Z,2022-12-10T13:04:02.593Z,9811.529
55.771057,12.504943,2022-12-10T13:14:39.322Z,2022-12-10T13:48:49.480Z,2050.158
55.7835147,12.5242337,2022-12-10T13:57:01.683Z,2022-12-11T11:02:53.360Z,75951.677
55.7855742,12.521381,2022-12-11T11:09:01.957Z,2022-12-11T13:09:46.606Z,7244.649
55.7835147,12.5242337,2022-12-11T13:15:49.764Z,2022-12-12T09:44:12.262Z,73702.498
55.7855742,12.521381,2022-12-12T10:01:00.800Z,2022-12-12T12:42:38.697Z,9697.897
55.7835147,12.5242337,2022-12-12T12:52:50.874Z,2022-12-12T15:28:08.203Z,9317.329
55.7855742,12.521381,2022-12-12T15:39:59.252Z,2022-12-12T16:00:02.630Z,1203.378
55.799931,12.4530549,2022-12-12T16:31:08.007Z,2022-12-12T21:03:45.431Z,16357.424
55.7963799,12.5358109,2022-12-12T21:17:55.344Z,2022-12-13T08:21:01.064Z,39785.72
55.7855742,12.521381,2022-12-13T08:41:58.227Z,2022-12-13T13:31:06.844Z,17348.617
55.7835147,12.5242337,2022-12-13T13:36:36.918Z,2022-12-13T21:31:21.267Z,28484.349
55.7855742,12.521381,2022-12-13T21:37:30.715Z,2022-12-13T23:16:49.479Z,5958.764
55.7835147,12.5242337,2022-12-13T23:16:49.479Z,2022-12-14T09:02:59.244Z,35169.765
55.7855742,12.521381,2022-12-14T09:08:03.153Z,2022-12-14T12:48:39.508Z,13236.355
55.7835147,12.5242337,2022-12-14T12:56:55.977Z,2022-12-14T16:30:28.818Z,12812.841
55.7835147,12.5242337,2022-12-14T17:31:13.839Z,2022-12-15T12:38:38.102Z,68844.263
55.7855742,12.521381,2022-12-15T12:47:37.026Z,2022-12-15T15:29:01.642Z,9684.616
55.7835147,12.5242337,2022-12-15T15:39:11.568Z,2022-12-15T16:46:29.943Z,4038.375
55.7855742,12.521381,2022-12-15T16:49:13.877Z,2022-12-15T18:13:32.603Z,5058.726
55.7835147,12.5242337,2022-12-15T18:17:49.422Z,2022-12-15T20:59:55.086Z,9725.664
55.7855742,12.521381,2022-12-15T21:02:03.854Z,2022-12-15T22:08:29.256Z,3985.402
55.7963799,12.53575,2022-12-15T22:23:14.273Z,2022-12-16T06:22:30.105Z,28755.832
55.7835147,12.5242337,2022-12-16T06:44:43.540Z,2022-12-16T07:30:31.009Z,2747.469
55.7855742,12.521381,2022-12-16T07:37:44.845Z,2022-12-16T10:03:58.564Z,8773.719
55.7835147,12.5242337,2022-12-16T10:03:58.564Z,2022-12-16T11:09:26.336Z,3927.772
55.7963799,12.53575,2022-12-16T11:17:59.725Z,2022-12-16T16:56:59.237Z,20339.512
55.7835147,12.5242337,2022-12-16T23:52:34.204Z,2022-12-17T11:54:30.129Z,43315.925
55.7855742,12.521381,2022-12-17T12:00:57.647Z,2022-12-17T12:28:42.821Z,1665.174
55.7835147,12.5242337,2022-12-17T12:34:21.774Z,2022-12-18T12:28:14.211Z,86032.437
55.770384,12.504855,2022-12-18T12:57:56.264Z,2022-12-18T14:13:23.750Z,4527.486
55.7835147,12.5242337,2022-12-18T14:42:01.446Z,2022-12-19T12:05:44.627Z,77023.181
55.771057,12.504943,2022-12-19T12:13:05.214Z,2022-12-19T12:45:25.561Z,1940.347
55.7835147,12.5242337,2022-12-19T13:40:43.820Z,2022-12-19T15:46:24.244Z,7540.424
55.6834549,12.5680181,2022-12-19T16:30:26.813Z,2022-12-19T17:49:38.110Z,4751.297
55.6764267,12.5635068,2022-12-19T18:03:36.114Z,2022-12-19T21:53:01.998Z,13765.884
55.6800437,12.574882,2022-12-19T22:03:12.518Z,2022-12-20T01:24:40.994Z,12088.476
55.6831278,12.5715128,2022-12-20T02:22:06.823Z,2022-12-20T02:49:00.436Z,1613.613
55.7835147,12.5242337,2022-12-20T03:21:42.392Z,2022-12-21T12:49:53.998Z,120491.606
55.7236089,12.3722215,2022-12-21T13:59:47.207Z,2022-12-21T15:58:57.111Z,7149.904
55.729561,12.349121,2022-12-21T16:19:40.524Z,2022-12-21T17:46:43.216Z,5222.692
55.729058,12.3579259,2022-12-21T17:58:22.009Z,2022-12-21T20:28:08.934Z,8986.925
55.729561,12.349121,2022-12-21T20:38:22.146Z,2022-12-21T22:57:08.444Z,8326.298
55.7299225,12.3581373,2022-12-21T23:04:45.134Z,2022-12-21T23:19:23.719Z,878.585
55.7835147,12.5242337,2022-12-22T00:09:49.180Z,2022-12-23T16:03:15.506Z,143606.326
55.7957634,12.4733115,2022-12-23T16:15:59.400Z,2022-12-23T16:23:50.405Z,471.005
55.799931,12.4530549,2022-12-23T16:37:09.825Z,2022-12-24T15:35:11.556Z,82681.731
55.8076658,12.4687732,2022-12-24T15:38:08.758Z,2022-12-24T15:45:28.027Z,439.269
55.799931,12.4530549,2022-12-24T15:50:28.703Z,2022-12-26T11:24:23.082Z,156834.379
55.8043272,12.4903778,2022-12-26T11:31:49.505Z,2022-12-26T11:36:59.144Z,309.639
55.799931,12.4530549,2022-12-26T12:27:20.343Z,2022-12-27T12:00:15.242Z,84774.899
55.7835147,12.5242337,2022-12-27T12:16:04.651Z,2022-12-28T11:32:00.932Z,83756.281
55.7835147,12.5242337,2022-12-28T11:53:50.538Z,2022-12-28T12:39:13.752Z,2723.214
55.7065955,12.5975208,2022-12-28T13:26:41.673Z,2022-12-28T14:07:51.503Z,2469.83
55.708478,12.595617,2022-12-28T14:07:51.503Z,2022-12-28T14:57:05.727Z,2954.224
55.7658514,12.4891618,2022-12-28T15:32:08.173Z,2022-12-28T15:39:19.070Z,430.897
55.7723766,12.474596,2022-12-28T15:43:43.363Z,2022-12-28T20:16:42.148Z,16378.785
55.7835147,12.5242337,2022-12-28T20:39:58.293Z,2022-12-29T13:30:04.878Z,60606.585
55.7835147,12.5242337,2022-12-29T14:05:53.978Z,2022-12-29T16:15:17.581Z,7763.603
55.6832253,12.573082,2022-12-29T16:53:34.723Z,2022-12-29T18:03:06.631Z,4171.908
55.6796672,12.5328945,2022-12-29T18:18:33.801Z,2022-12-29T21:20:59.800Z,10945.999
55.7060914,12.5628996,2022-12-29T21:34:00.356Z,2022-12-29T21:42:11.392Z,491.036
55.7835147,12.5242337,2022-12-29T22:09:25.739Z,2022-12-31T13:35:20.380Z,141954.641
55.7835147,12.5242337,2022-12-31T14:02:23.004Z,2023-01-01T19:14:05.962Z,105102.958
55.7855742,12.521381,2023-06-01T05:54:41.697Z,2023-06-01T06:25:31.045Z,1849.348
55.7829162,12.5238415,2023-06-01T06:30:30.693Z,2023-06-01T06:48:43.219Z,1092.526
55.7855742,12.521381,2023-06-01T06:52:11.613Z,2023-06-01T07:20:17.598Z,1685.985
55.7829162,12.5238415,2023-06-01T07:23:01.604Z,2023-06-01T07:40:02.621Z,1021.017
55.7855742,12.521381,2023-06-01T07:43:05.123Z,2023-06-01T08:10:46.670Z,1661.547
55.7829162,12.5238415,2023-06-01T08:14:44.607Z,2023-06-01T08:33:24.600Z,1119.993
55.7855742,12.521381,2023-06-01T08:35:31.982Z,2023-06-01T10:13:57.243Z,5905.261
55.7829162,12.5238415,2023-06-01T10:13:57.243Z,2023-06-01T10:40:22.601Z,1585.358
55.7855742,12.521381,2023-06-01T10:44:04.042Z,2023-06-01T10:54:22.527Z,618.485
55.7829162,12.5238415,2023-06-01T10:57:59.128Z,2023-06-01T11:05:06.548Z,427.42
55.7855742,12.521381,2023-06-01T11:08:53.204Z,2023-06-01T11:27:44.986Z,1131.782
55.7829162,12.5238415,2023-06-01T11:31:49.532Z,2023-06-01T11:45:12.488Z,802.956
55.7855742,12.521381,2023-06-01T11:48:26.557Z,2023-06-01T12:04:38.971Z,972.414
55.7829162,12.5238415,2023-06-01T12:07:13.863Z,2023-06-01T12:29:57.586Z,1363.723
55.7855742,12.521381,2023-06-01T12:34:03.471Z,2023-06-01T12:43:36.726Z,573.255
55.7829162,12.5238415,2023-06-01T12:49:51.688Z,2023-06-01T13:26:45.451Z,2213.763
55.7855742,12.521381,2023-06-01T13:30:50.428Z,2023-06-01T13:57:30.438Z,1600.01
55.7537936,12.5199324,2023-06-01T14:12:53.402Z,2023-06-01T15:36:34.245Z,5020.843
55.7855742,12.521381,2023-06-01T15:46:42.351Z,2023-06-01T16:30:34.071Z,2631.72
55.7829162,12.5238415,2023-06-01T16:39:45.464Z,2023-06-01T17:07:10.878Z,1645.414
55.7855742,12.521381,2023-06-01T17:09:25.780Z,2023-06-01T17:23:18.686Z,832.906
55.7829162,12.5238415,2023-06-01T17:25:24.934Z,2023-06-01T19:26:29.703Z,7264.769
55.7855742,12.521381,2023-06-01T19:32:18.006Z,2023-06-01T20:05:50.826Z,2012.82
55.7963799,12.5357485,2023-06-01T20:26:28.067Z,2023-06-02T05:53:44.614Z,34036.547
55.7855742,12.521381,2023-06-02T06:06:14.928Z,2023-06-02T06:24:26.864Z,1091.936
55.7829162,12.5238415,2023-06-02T06:29:22.899Z,2023-06-02T06:41:18.863Z,715.964
55.7855742,12.521381,2023-06-02T06:49:54.862Z,2023-06-02T14:28:14.581Z,27499.719
55.7855742,12.521381,2023-06-02T14:46:37.115Z,2023-06-02T19:23:21.437Z,16604.322
55.6761017,12.568635,2023-06-02T20:09:01.360Z,2023-06-02T20:14:17.441Z,316.081
55.6727679,12.5648118,2023-06-02T20:34:59.383Z,2023-06-02T21:05:25.389Z,1826.006
55.6761889,12.571525,2023-06-02T21:17:18.876Z,2023-06-02T23:52:51.176Z,9332.3
55.6756468,12.5667725,2023-06-03T00:01:02.811Z,2023-06-03T01:27:37.531Z,5194.72
55.6843285,12.573311,2023-06-03T01:38:44.655Z,2023-06-03T08:58:17.338Z,26372.683
55.7963799,12.5357485,2023-06-03T08:58:17.338Z,2023-06-03T09:56:32.836Z,3495.498
55.7855742,12.521381,2023-06-03T10:30:07.499Z,2023-06-03T16:16:18.481Z,20770.982
55.7829162,12.5238415,2023-06-03T16:18:43.043Z,2023-06-03T18:49:20.400Z,9037.357
55.7855742,12.521381,2023-06-03T19:32:25.769Z,2023-06-04T10:42:54.286Z,54628.517
55.7963799,12.5357485,2023-06-04T10:53:37.589Z,2023-06-04T12:00:12.052Z,3994.463
55.7855742,12.521381,2023-06-04T12:14:33.886Z,2023-06-04T15:49:43.125Z,12909.239
55.7999324,12.4530473,2023-06-04T16:03:10.393Z,2023-06-04T18:52:43.843Z,10173.45
55.7829162,12.5238415,2023-06-04T19:21:40.614Z,2023-06-04T19:26:48.593Z,307.979
55.7855742,12.521381,2023-06-04T19:30:43.574Z,2023-06-05T15:07:32.391Z,70608.817
55.7855742,12.521381,2023-06-05T15:17:52.952Z,2023-06-05T16:10:58.070Z,3185.118
55.7963799,12.5357485,2023-06-05T16:21:49.915Z,2023-06-05T16:44:54.708Z,1384.793
55.7855742,12.521381,2023-06-05T16:56:07.123Z,2023-06-06T07:49:15.062Z,53587.939
55.771057,12.504943,2023-06-06T07:55:16.580Z,2023-06-06T08:08:30.385Z,793.805
55.612117,12.6477386,2023-06-06T08:59:00.416Z,2023-06-06T10:33:24.300Z,5663.884
55.771057,12.504943,2023-06-06T11:25:19.301Z,2023-06-06T11:57:13.202Z,1913.901
55.7855742,12.521381,2023-06-06T12:05:19.451Z,2023-06-07T11:53:36.265Z,85696.814
55.7855742,12.521381,2023-06-07T12:24:50.876Z,2023-06-07T14:25:14.492Z,7223.616
55.7855742,12.521381,2023-06-07T15:00:17.381Z,2023-06-08T13:25:34.017Z,80716.636
55.77567,12.5206401,2023-06-08T13:30:46.360Z,2023-06-08T13:43:59.950Z,793.59
55.7855742,12.521381,2023-06-08T13:48:08.585Z,2023-06-08T18:16:02.408Z,16073.823
55.7829162,12.5238415,2023-06-08T18:24:32.008Z,2023-06-08T20:35:07.363Z,7835.355
55.7855742,12.521381,2023-06-08T20:45:17.333Z,2023-06-09T11:33:41.377Z,53304.044
55.7829162,12.5238415,2023-06-09T11:33:41.377Z,2023-06-09T11:45:35.834Z,714.457
55.7821702,12.5118897,2023-06-09T11:56:42.794Z,2023-06-09T14:49:59.763Z,10396.969
55.7829162,12.5238415,2023-06-09T14:56:08.737Z,2023-06-09T18:47:28.202Z,13879.465
55.7821702,12.5118897,2023-06-09T18:55:42.564Z,2023-06-09T19:39:06.501Z,2603.937
55.7829162,12.5238415,2023-06-09T19:42:17.390Z,2023-06-09T22:08:51.473Z,8794.083
55.7821702,12.5118897,2023-06-09T22:17:43.354Z,2023-06-10T08:41:36.180Z,37432.826
55.7963799,12.5357485,2023-06-10T09:13:36.493Z,2023-06-10T17:22:36.023Z,29339.53
55.698545,12.574579,2023-06-10T18:06:37.658Z,2023-06-10T20:46:35.967Z,9598.309
55.7963799,12.5357485,2023-06-10T21:26:46.850Z,2023-06-11T10:48:04.254Z,48077.404
55.7821702,12.5118897,2023-06-11T10:58:42.303Z,2023-06-11T14:05:42.146Z,11219.843
55.7963799,12.5357485,2023-06-11T14:18:53.898Z,2023-06-12T06:40:52.996Z,58919.098
55.7821702,12.5118897,2023-06-12T06:52:44.753Z,2023-06-12T07:03:07.790Z,623.037
55.7855742,12.521381,2023-06-12T07:07:10.901Z,2023-06-12T13:39:28.243Z,23537.342
55.7821702,12.5118897,2023-06-12T13:52:52.295Z,2023-06-12T19:25:54.342Z,19982.047
55.7829162,12.5238415,2023-06-12T19:38:20.242Z,2023-06-12T19:54:02.313Z,942.071
55.7821702,12.5118897,2023-06-12T20:04:33.106Z,2023-06-13T08:41:33.168Z,45420.062
55.7855742,12.521381,2023-06-13T08:53:52.297Z,2023-06-13T14:58:40.494Z,21888.197
55.7821702,12.5118897,2023-06-13T15:00:42.540Z,2023-06-13T15:09:04.450Z,501.91
55.7999324,12.4530473,2023-06-13T15:25:29.583Z,2023-06-13T16:27:49.708Z,3740.125
55.811651,12.4736901,2023-06-13T16:34:09.485Z,2023-06-13T19:34:41.953Z,10832.468
55.7916416,12.5431458,2023-06-13T19:50:03.209Z,2023-06-13T23:03:26.639Z,11603.43
55.7963799,12.5357485,2023-06-13T23:15:45.346Z,2023-06-14T07:33:36.093Z,29870.747
55.7855742,12.521381,2023-06-14T07:54:36.952Z,2023-06-14T08:30:22.759Z,2145.807
55.7821702,12.5118897,2023-06-14T08:36:53.899Z,2023-06-14T09:56:46.547Z,4792.648
55.7787865,12.5923924,2023-06-14T10:23:15.882Z,2023-06-14T12:10:39.756Z,6443.874
55.7855742,12.521381,2023-06-14T12:30:12.932Z,2023-06-14T13:36:38.470Z,3985.538
55.7821702,12.5118897,2023-06-14T13:44:37.261Z,2023-06-14T15:14:29.373Z,5392.112
55.7855742,12.521381,2023-06-14T15:28:53.739Z,2023-06-14T18:33:13.544Z,11059.805
55.7821702,12.5118897,2023-06-14T19:13:25.309Z,2023-06-15T09:10:36.260Z,50230.951
55.7829162,12.5238415,2023-06-15T09:14:45.683Z,2023-06-15T10:07:28.020Z,3162.337
55.7251762,12.4206365,2023-06-15T11:01:57.193Z,2023-06-15T11:29:51.194Z,1674.001
55.7829162,12.5238415,2023-06-15T11:46:41.336Z,2023-06-15T12:44:22.255Z,3460.919
55.7821702,12.5118897,2023-06-15T12:52:36.951Z,2023-06-15T15:41:05.855Z,10108.904
55.775741,12.521402,2023-06-15T15:51:53.301Z,2023-06-15T16:04:07.465Z,734.164
55.7821702,12.5118897,2023-06-15T16:16:23.269Z,2023-06-15T17:12:50.649Z,3387.38
55.7715118,12.5024484,2023-06-15T17:18:57.118Z,2023-06-15T17:25:08.174Z,371.056
55.7687753,12.5056116,2023-06-15T17:29:21.428Z,2023-06-15T17:38:19.188Z,537.76
55.771057,12.504943,2023-06-15T17:42:22.875Z,2023-06-15T17:47:37.561Z,314.686
55.7821702,12.5118897,2023-06-15T18:00:17.955Z,2023-06-15T20:42:45.689Z,9747.734
55.7963799,12.5357485,2023-06-15T20:55:43.203Z,2023-06-16T07:15:11.120Z,37167.917
55.7821702,12.5118897,2023-06-16T07:34:37.390Z,2023-06-16T21:20:19.979Z,49542.589
55.7855742,12.521381,2023-06-16T21:29:13.087Z,2023-06-16T23:05:03.835Z,5750.748
55.7821702,12.5118897,2023-06-16T23:29:31.574Z,2023-06-17T08:58:55.314Z,34163.74
55.7829162,12.5238415,2023-06-17T09:05:42.350Z,2023-06-17T09:18:28.447Z,766.097
55.7821702,12.5118897,2023-06-17T09:25:04.437Z,2023-06-17T12:01:40.928Z,9396.491
55.6727679,12.5648118,2023-06-17T12:34:56.526Z,2023-06-17T12:37:38.031Z,161.505
55.6703153,12.524468,2023-06-17T13:06:11.444Z,2023-06-17T14:08:23.489Z,3732.045
55.659476,12.5148206,2023-06-17T14:20:29.026Z,2023-06-17T14:26:34.309Z,365.283
55.6727679,12.5648118,2023-06-17T16:35:56.179Z,2023-06-17T16:40:52.913Z,296.734
55.7821702,12.5118897,2023-06-17T17:12:22.209Z,2023-06-17T17:31:37.905Z,1155.696
55.7963799,12.5357485,2023-06-17T17:43:02.472Z,2023-06-18T11:42:30.232Z,64767.76
55.7821702,12.5118897,2023-06-18T11:55:59.848Z,2023-06-18T13:42:45.258Z,6405.41
55.7999324,12.4530473,2023-06-18T14:04:06.852Z,2023-06-18T20:23:14.078Z,22747.226
55.7821702,12.5118897,2023-06-18T20:35:37.334Z,2023-06-19T10:44:41.118Z,50943.784
55.7855742,12.521381,2023-06-19T10:54:58.952Z,2023-06-19T11:14:25Z,1166.048
55.7821702,12.5118897,2023-06-19T11:35:01.657Z,2023-06-19T18:54:31.057Z,26369.4
55.7829162,12.5238415,2023-06-19T18:56:56.043Z,2023-06-19T19:14:00.997Z,1024.954
55.7963799,12.5357485,2023-06-19T19:27:55.427Z,2023-06-20T07:09:13.134Z,42077.707
55.7821702,12.5118897,2023-06-20T07:48:05.039Z,2023-06-20T08:22:15.391Z,2050.352
55.7829162,12.5238415,2023-06-20T08:31:09.015Z,2023-06-20T14:32:50.819Z,21701.804
55.775741,12.521402,2023-06-20T14:39:01.922Z,2023-06-20T15:13:59.711Z,2097.789
55.7829162,12.5238415,2023-06-20T15:17:33.471Z,2023-06-20T16:40:45.741Z,4992.27
55.7821702,12.5118897,2023-06-20T16:51:57.987Z,2023-06-21T12:56:50.140Z,72292.153
55.7855742,12.521381,2023-06-21T13:14:31.794Z,2023-06-21T17:44:45.885Z,16214.091
55.7821702,12.5118897,2023-06-21T17:52:26.741Z,2023-06-21T21:50:39.021Z,14292.28
55.7821702,12.5118897,2023-06-21T22:39:58.812Z,2023-06-22T11:31:36.584Z,46297.772
55.7855742,12.521381,2023-06-22T11:44:36.554Z,2023-06-22T11:55:02.502Z,625.948
55.7821702,12.5118897,2023-06-22T12:08:51.097Z,2023-06-22T12:47:44.374Z,2333.277
55.7855742,12.521381,2023-06-22T12:51:52.213Z,2023-06-22T20:11:39.188Z,26386.975
55.7821702,12.5118897,2023-06-22T20:15:46.924Z,2023-06-23T08:33:01.919Z,44234.995
55.7963799,12.5357485,2023-06-23T09:04:47.249Z,2023-06-23T09:55:07.611Z,3020.362
55.7829162,12.5238415,2023-06-23T10:06:39.062Z,2023-06-23T10:17:15.292Z,636.23
55.7821702,12.5118897,2023-06-23T10:27:20.632Z,2023-06-23T11:27:21.648Z,3601.016
55.7855742,12.521381,2023-06-23T11:37:44.899Z,2023-06-23T11:51:52.887Z,847.988
55.7821702,12.5118897,2023-06-23T12:02:07.740Z,2023-06-23T16:32:04.838Z,16197.098
55.7752207,12.5777714,2023-06-23T17:21:19.993Z,2023-06-23T19:14:41.330Z,6801.337
55.7821702,12.5118897,2023-06-23T20:14:58.279Z,2023-06-24T07:21:59.638Z,40021.359
55.7999324,12.4530473,2023-06-24T07:52:28.857Z,2023-06-24T09:02:36.835Z,4207.978
55.6256862,12.0462603,2023-06-24T09:47:07.428Z,2023-06-24T10:03:06.902Z,959.474
55.7999324,12.4530473,2023-06-24T10:54:46.080Z,2023-06-24T16:01:21.666Z,18395.586
55.7959679,12.4738921,2023-06-24T16:05:39.496Z,2023-06-24T16:27:56.681Z,1337.185
55.7999324,12.4530473,2023-06-24T16:33:10.560Z,2023-06-24T19:27:22.366Z,10451.806
55.7821702,12.5118897,2023-06-24T19:39:10.366Z,2023-06-26T12:41:54.950Z,147764.584
55.7829162,12.5238415,2023-06-26T12:53:31.200Z,2023-06-26T12:59:33.822Z,362.622
55.7821702,12.5118897,2023-06-26T13:11:33.966Z,2023-06-26T15:33:08.826Z,8494.86
55.7829162,12.5238415,2023-06-26T15:40:26.671Z,2023-06-26T15:54:32.076Z,845.405
55.7821702,12.5118897,2023-06-26T15:59:07.864Z,2023-06-27T11:28:29.236Z,70161.372
55.7999324,12.4530473,2023-06-27T12:41:31.226Z,2023-06-27T14:00:36.987Z,4745.761
55.7821702,12.5118897,2023-06-27T14:13:15.141Z,2023-06-27T18:33:27.224Z,15612.083
55.7821702,12.5118897,2023-06-27T18:47:56.737Z,2023-06-27T20:19:44.737Z,5508.0
55.7821702,12.5118897,2023-06-27T20:46:08.861Z,2023-06-28T12:59:13.936Z,58385.075
55.7855742,12.521381,2023-06-28T13:07:18.742Z,2023-06-28T13:25:48.333Z,1109.591
55.7787865,12.5923924,2023-06-28T13:55:12.470Z,2023-06-28T14:38:36.484Z,2604.014
55.7821702,12.5118897,2023-06-28T15:08:34.231Z,2023-06-29T06:58:34.915Z,57000.684
55.7811338,12.5130479,2023-06-29T06:59:55.036Z,2023-06-29T07:05:27.154Z,332.118
55.7393167,12.4869076,2023-06-29T07:41:18.660Z,2023-06-29T08:14:40.694Z,2002.034
55.7385277,12.4744885,2023-06-29T08:23:08.680Z,2023-06-29T08:40:41.894Z,1053.214
55.7855742,12.521381,2023-06-29T09:13:00.212Z,2023-06-29T10:35:25.903Z,4945.691
55.7821702,12.5118897,2023-06-29T10:46:46.569Z,2023-06-29T14:08:56.917Z,12130.348
55.7855742,12.521381,2023-06-29T14:19:05.632Z,2023-06-29T15:02:58.389Z,2632.757
55.7821702,12.5118897,2023-06-29T15:15:26.438Z,2023-06-29T19:01:47.915Z,13581.477
55.7821702,12.5118897,2023-06-29T19:27:23.271Z,2023-06-30T09:17:45.448Z,49822.177
55.7855742,12.521381,2023-06-30T09:32:31.701Z,2023-06-30T15:27:18.156Z,21286.455
55.7821702,12.5118897,2023-06-30T15:29:23.176Z,2023-06-30T17:30:30.872Z,7267.696
55.7752207,12.5777714,2023-06-30T17:44:50.837Z,2023-06-30T19:17:11.198Z,5540.361
55.7821702,12.5118897,2023-06-30T19:46:37.496Z,2023-07-01T13:26:54.046Z,63616.55